{"v":"5.5.9","fr":24,"ip":12,"op":61,"w":750,"h":1334,"nm":"圣诞评论彩蛋动效","ddd":0,"assets":[{"id":"image_0","w":220,"h":220,"u":"images/","p":"img_0.png","e":0},{"id":"image_1","w":220,"h":220,"u":"images/","p":"img_1.png","e":0},{"id":"image_2","w":220,"h":220,"u":"images/","p":"img_2.png","e":0},{"id":"image_3","w":220,"h":220,"u":"images/","p":"img_3.png","e":0},{"id":"image_4","w":220,"h":220,"u":"images/","p":"img_4.png","e":0},{"id":"image_5","w":220,"h":220,"u":"images/","p":"img_5.png","e":0},{"id":"image_6","w":100,"h":100,"u":"images/","p":"img_6.png","e":0},{"id":"image_7","w":100,"h":100,"u":"images/","p":"img_7.png","e":0},{"id":"image_8","w":79,"h":95,"u":"images/","p":"img_8.png","e":0},{"id":"image_9","w":220,"h":220,"u":"images/","p":"img_9.png","e":0},{"id":"image_10","w":220,"h":220,"u":"images/","p":"img_10.png","e":0},{"id":"image_11","w":220,"h":220,"u":"images/","p":"img_11.png","e":0},{"id":"comp_0","layers":[{"ddd":0,"ind":1,"ty":0,"nm":"金色雪花","refId":"comp_1","sr":1,"ks":{"o":{"a":1,"k":[{"i":{"x":[0.833],"y":[7.548]},"o":{"x":[0.167],"y":[0]},"t":12,"s":[100],"e":[100]},{"i":{"x":[0.833],"y":[0.833]},"o":{"x":[0.167],"y":[0.101]},"t":23,"s":[100],"e":[0]},{"t":40}],"ix":11},"r":{"a":1,"k":[{"i":{"x":[0.833],"y":[0.833]},"o":{"x":[0.167],"y":[0.167]},"t":12,"s":[-37],"e":[59.979]},{"i":{"x":[0.833],"y":[0.833]},"o":{"x":[0.167],"y":[0.167]},"t":23,"s":[59.979],"e":[110]},{"t":40}],"ix":10},"p":{"a":1,"k":[{"i":{"x":0.84,"y":1},"o":{"x":0.207,"y":1},"t":12,"s":[-60,702,0],"e":[509,1061,0],"to":[226.021,-229.777,0],"ti":[-20.33,-512.465,0]},{"t":40}],"ix":2},"a":{"a":0,"k":[110,110,0],"ix":1},"s":{"a":1,"k":[{"i":{"x":[0.566,0.566,0.566],"y":[0.882,0.882,1]},"o":{"x":[0.179,0.179,0.179],"y":[0.049,0.049,0]},"t":12,"s":[30,30,100],"e":[50,50,100]},{"i":{"x":[0.84,0.84,0.84],"y":[-0.598,-0.598,1]},"o":{"x":[0.388,0.388,0.388],"y":[3.879,3.879,0]},"t":18,"s":[50,50,100],"e":[50,50,100]},{"t":29}],"ix":6}},"ao":0,"w":220,"h":220,"ip":0,"op":363,"st":0,"bm":0},{"ddd":0,"ind":2,"ty":0,"nm":"金色雪花","refId":"comp_1","sr":1,"ks":{"o":{"a":1,"k":[{"i":{"x":[0.833],"y":[4.819]},"o":{"x":[0.167],"y":[0]},"t":12,"s":[100],"e":[100]},{"i":{"x":[0.833],"y":[0.833]},"o":{"x":[0.167],"y":[0.128]},"t":23,"s":[100],"e":[0]},{"t":60}],"ix":11},"r":{"a":1,"k":[{"i":{"x":[0.833],"y":[0.833]},"o":{"x":[0.167],"y":[0.167]},"t":12,"s":[-37],"e":[59.979]},{"i":{"x":[0.833],"y":[0.833]},"o":{"x":[0.167],"y":[0.167]},"t":23,"s":[59.979],"e":[110]},{"t":60}],"ix":10},"p":{"a":1,"k":[{"i":{"x":0.84,"y":1},"o":{"x":0.119,"y":1},"t":12,"s":[-60,702,0],"e":[503,423,0],"to":[62.021,-495.777,0],"ti":[-128.33,-292.465,0]},{"t":60}],"ix":2},"a":{"a":0,"k":[110,110,0],"ix":1},"s":{"a":1,"k":[{"i":{"x":[0.566,0.566,0.566],"y":[0.882,0.882,1]},"o":{"x":[0.179,0.179,0.179],"y":[0.049,0.049,0]},"t":12,"s":[30,30,100],"e":[50,50,100]},{"i":{"x":[0.84,0.84,0.84],"y":[-0.598,-0.598,1]},"o":{"x":[0.388,0.388,0.388],"y":[3.879,3.879,0]},"t":18,"s":[50,50,100],"e":[50,50,100]},{"t":29}],"ix":6}},"ao":0,"w":220,"h":220,"ip":0,"op":363,"st":0,"bm":0},{"ddd":0,"ind":3,"ty":0,"nm":"金色雪花","refId":"comp_1","sr":1,"ks":{"o":{"a":1,"k":[{"i":{"x":[0.833],"y":[4.819]},"o":{"x":[0.167],"y":[0]},"t":12,"s":[100],"e":[100]},{"i":{"x":[0.833],"y":[0.833]},"o":{"x":[0.167],"y":[0.128]},"t":23,"s":[100],"e":[0]},{"t":60}],"ix":11},"r":{"a":1,"k":[{"i":{"x":[0.833],"y":[0.833]},"o":{"x":[0.167],"y":[0.167]},"t":12,"s":[-37],"e":[59.979]},{"i":{"x":[0.833],"y":[0.833]},"o":{"x":[0.167],"y":[0.167]},"t":23,"s":[59.979],"e":[110]},{"t":60}],"ix":10},"p":{"a":1,"k":[{"i":{"x":0.845,"y":1},"o":{"x":0.137,"y":1},"t":12,"s":[-52,700,0],"e":[695,867,0],"to":[142.24,-319.529,0],"ti":[-159.241,-527.964,0]},{"t":60}],"ix":2},"a":{"a":0,"k":[110,110,0],"ix":1},"s":{"a":1,"k":[{"i":{"x":[0.566,0.566,0.566],"y":[0.882,0.882,1]},"o":{"x":[0.179,0.179,0.179],"y":[0.049,0.049,0]},"t":12,"s":[30,30,100],"e":[50,50,100]},{"i":{"x":[0.84,0.84,0.84],"y":[-0.598,-0.598,1]},"o":{"x":[0.388,0.388,0.388],"y":[3.879,3.879,0]},"t":18,"s":[50,50,100],"e":[50,50,100]},{"t":29}],"ix":6}},"ao":0,"w":220,"h":220,"ip":0,"op":363,"st":0,"bm":0},{"ddd":0,"ind":4,"ty":0,"nm":"金色雪花","refId":"comp_1","sr":1,"ks":{"o":{"a":1,"k":[{"i":{"x":[0.833],"y":[4.819]},"o":{"x":[0.167],"y":[0]},"t":12,"s":[100],"e":[100]},{"i":{"x":[0.833],"y":[0.833]},"o":{"x":[0.167],"y":[0.128]},"t":23,"s":[100],"e":[0]},{"t":60}],"ix":11},"r":{"a":1,"k":[{"i":{"x":[0.833],"y":[0.833]},"o":{"x":[0.167],"y":[0.167]},"t":12,"s":[-37],"e":[59.979]},{"i":{"x":[0.833],"y":[0.833]},"o":{"x":[0.167],"y":[0.167]},"t":23,"s":[59.979],"e":[110]},{"t":60}],"ix":10},"p":{"a":1,"k":[{"i":{"x":0.84,"y":1},"o":{"x":0.118,"y":1},"t":12,"s":[-52,700,0],"e":[483,751,0],"to":[-27.979,-357.777,0],"ti":[-78.33,-468.465,0]},{"t":60}],"ix":2},"a":{"a":0,"k":[110,110,0],"ix":1},"s":{"a":1,"k":[{"i":{"x":[0.566,0.566,0.566],"y":[0.882,0.882,1]},"o":{"x":[0.179,0.179,0.179],"y":[0.049,0.049,0]},"t":12,"s":[30,30,100],"e":[50,50,100]},{"i":{"x":[0.84,0.84,0.84],"y":[-0.598,-0.598,1]},"o":{"x":[0.388,0.388,0.388],"y":[3.879,3.879,0]},"t":18,"s":[50,50,100],"e":[50,50,100]},{"t":29}],"ix":6}},"ao":0,"w":220,"h":220,"ip":0,"op":363,"st":0,"bm":0},{"ddd":0,"ind":5,"ty":0,"nm":"圣诞糖果_1","refId":"comp_2","sr":1,"ks":{"o":{"a":1,"k":[{"i":{"x":[0.833],"y":[4.819]},"o":{"x":[0.167],"y":[0]},"t":12,"s":[100],"e":[100]},{"i":{"x":[0.833],"y":[0.833]},"o":{"x":[0.167],"y":[0.128]},"t":23,"s":[100],"e":[0]},{"t":60}],"ix":11},"r":{"a":1,"k":[{"i":{"x":[0.833],"y":[0.833]},"o":{"x":[0.167],"y":[0.167]},"t":12,"s":[-37],"e":[22.979]},{"i":{"x":[0.833],"y":[0.833]},"o":{"x":[0.167],"y":[0.167]},"t":23,"s":[22.979],"e":[67]},{"t":60}],"ix":10},"p":{"a":1,"k":[{"i":{"x":0.84,"y":1},"o":{"x":0.13,"y":1},"t":12,"s":[-52,700,0],"e":[407,879,0],"to":[32.021,-255.777,0],"ti":[-34.33,-796.465,0]},{"t":60}],"ix":2},"a":{"a":0,"k":[110,110,0],"ix":1},"s":{"a":1,"k":[{"i":{"x":[0.566,0.566,0.566],"y":[1.079,0.921,1]},"o":{"x":[0.179,0.179,0.179],"y":[-0.032,0.032,0]},"t":12,"s":[-30,30,100],"e":[-60,60,100]},{"i":{"x":[0.84,0.84,0.84],"y":[-0.598,-0.598,1]},"o":{"x":[0.388,0.388,0.388],"y":[3.879,3.879,0]},"t":18,"s":[-60,60,100],"e":[-60,60,100]},{"i":{"x":[0.833,0.833,0.833],"y":[1,1,1]},"o":{"x":[0.167,0.167,0.167],"y":[0.606,0.606,0]},"t":29,"s":[-60,60,100],"e":[-60,60,100]},{"t":33}],"ix":6}},"ao":0,"w":220,"h":220,"ip":0,"op":363,"st":0,"bm":0},{"ddd":0,"ind":7,"ty":0,"nm":"圣诞鹿 2","refId":"comp_3","sr":1,"ks":{"o":{"a":1,"k":[{"i":{"x":[0.833],"y":[4.819]},"o":{"x":[0.167],"y":[0]},"t":12,"s":[100],"e":[100]},{"i":{"x":[0.833],"y":[0.833]},"o":{"x":[0.167],"y":[0.128]},"t":23,"s":[100],"e":[0]},{"t":60}],"ix":11},"r":{"a":1,"k":[{"i":{"x":[0.833],"y":[0.833]},"o":{"x":[0.167],"y":[0.167]},"t":12,"s":[-53],"e":[10.979]},{"i":{"x":[0.833],"y":[0.833]},"o":{"x":[0.167],"y":[0.167]},"t":23,"s":[10.979],"e":[25]},{"t":60}],"ix":10},"p":{"a":1,"k":[{"i":{"x":0.84,"y":1},"o":{"x":0.145,"y":1},"t":12,"s":[-58,664,0],"e":[633,709,0],"to":[100,-314,0],"ti":[-68.33,-546.465,0]},{"t":60}],"ix":2},"a":{"a":0,"k":[110,110,0],"ix":1},"s":{"a":1,"k":[{"i":{"x":[0.566,0.566,0.566],"y":[0.921,0.921,1]},"o":{"x":[0.179,0.179,0.179],"y":[0.032,0.032,0]},"t":12,"s":[30,30,100],"e":[60,60,100]},{"i":{"x":[0.84,0.84,0.84],"y":[-0.598,-0.598,1]},"o":{"x":[0.388,0.388,0.388],"y":[3.879,3.879,0]},"t":18,"s":[60,60,100],"e":[60,60,100]},{"t":29}],"ix":6}},"ao":0,"w":220,"h":220,"ip":0,"op":363,"st":0,"bm":0},{"ddd":0,"ind":9,"ty":0,"nm":"圣诞树","refId":"comp_4","sr":1,"ks":{"o":{"a":1,"k":[{"i":{"x":[0.833],"y":[4.819]},"o":{"x":[0.167],"y":[0]},"t":12,"s":[100],"e":[100]},{"i":{"x":[0.833],"y":[0.833]},"o":{"x":[0.167],"y":[0.128]},"t":23,"s":[100],"e":[0]},{"t":60}],"ix":11},"r":{"a":1,"k":[{"i":{"x":[0.833],"y":[0.833]},"o":{"x":[0.167],"y":[0.167]},"t":12,"s":[-37],"e":[22.979]},{"i":{"x":[0.833],"y":[0.833]},"o":{"x":[0.167],"y":[0.167]},"t":23,"s":[22.979],"e":[67]},{"t":60}],"ix":10},"p":{"a":1,"k":[{"i":{"x":0.84,"y":1},"o":{"x":0.136,"y":1},"t":12,"s":[-50,752,0],"e":[667,353,0],"to":[44.021,-429.777,0],"ti":[-222.33,-280.465,0]},{"t":60}],"ix":2},"a":{"a":0,"k":[110,110,0],"ix":1},"s":{"a":1,"k":[{"i":{"x":[0.566,0.566,0.566],"y":[0.921,0.921,-15.559]},"o":{"x":[0.179,0.179,0.179],"y":[0.032,0.032,6.822]},"t":12,"s":[30,30,100],"e":[60,60,100]},{"i":{"x":[0.84,0.84,0.84],"y":[-0.598,-0.598,-10.186]},"o":{"x":[0.388,0.388,0.388],"y":[3.879,3.879,27.151]},"t":18,"s":[60,60,100],"e":[60,60,100]},{"t":29}],"ix":6}},"ao":0,"w":220,"h":220,"ip":0,"op":363,"st":0,"bm":0},{"ddd":0,"ind":10,"ty":0,"nm":"圣诞糖果 2","refId":"comp_5","sr":1,"ks":{"o":{"a":1,"k":[{"i":{"x":[0.833],"y":[4.819]},"o":{"x":[0.167],"y":[0]},"t":12,"s":[100],"e":[100]},{"i":{"x":[0.833],"y":[0.833]},"o":{"x":[0.167],"y":[0.128]},"t":23,"s":[100],"e":[0]},{"t":60}],"ix":11},"r":{"a":1,"k":[{"i":{"x":[0.833],"y":[0.833]},"o":{"x":[0.167],"y":[0.167]},"t":12,"s":[-37],"e":[22.979]},{"i":{"x":[0.833],"y":[0.833]},"o":{"x":[0.167],"y":[0.167]},"t":23,"s":[22.979],"e":[67]},{"t":60}],"ix":10},"p":{"a":1,"k":[{"i":{"x":0.84,"y":1},"o":{"x":0.147,"y":1},"t":12,"s":[-52,700,0],"e":[595,1115,0],"to":[104.021,-285.777,0],"ti":[43.67,-680.465,0]},{"t":60}],"ix":2},"a":{"a":0,"k":[110,110,0],"ix":1},"s":{"a":1,"k":[{"i":{"x":[0.833,0.833,0.833],"y":[1,1,1]},"o":{"x":[0.179,0.179,0.179],"y":[-0.032,0.032,0]},"t":12,"s":[-30,30,100],"e":[-60,60,100]},{"i":{"x":[0.833,0.833,0.833],"y":[1,1,1]},"o":{"x":[0.167,0.167,0.167],"y":[0,0,0]},"t":18,"s":[-60,60,100],"e":[-60,60,100]},{"t":33}],"ix":6}},"ao":0,"w":220,"h":220,"ip":0,"op":363,"st":0,"bm":0},{"ddd":0,"ind":12,"ty":0,"nm":"圣诞袜子","refId":"comp_6","sr":1,"ks":{"o":{"a":1,"k":[{"i":{"x":[0.833],"y":[4.819]},"o":{"x":[0.167],"y":[0]},"t":12,"s":[100],"e":[100]},{"i":{"x":[0.833],"y":[0.833]},"o":{"x":[0.167],"y":[0.128]},"t":23,"s":[100],"e":[0]},{"t":60}],"ix":11},"r":{"a":1,"k":[{"i":{"x":[0.833],"y":[0.833]},"o":{"x":[0.167],"y":[0.167]},"t":12,"s":[-37],"e":[22.979]},{"i":{"x":[0.833],"y":[0.833]},"o":{"x":[0.167],"y":[0.167]},"t":23,"s":[22.979],"e":[67]},{"t":60}],"ix":10},"p":{"a":1,"k":[{"i":{"x":0.846,"y":1},"o":{"x":0.11,"y":1},"t":12,"s":[-52,700,0],"e":[469,529,0],"to":[-36.544,-238.957,0],"ti":[-159,-429,0]},{"t":60}],"ix":2},"a":{"a":0,"k":[110,110,0],"ix":1},"s":{"a":1,"k":[{"i":{"x":[0.566,0.566,0.566],"y":[1.079,0.921,1]},"o":{"x":[0.179,0.179,0.179],"y":[-0.032,0.032,0]},"t":12,"s":[-30,30,100],"e":[-60,60,100]},{"i":{"x":[0.833,0.833,0.833],"y":[1,1,1]},"o":{"x":[0.388,0.388,0.388],"y":[5.289,5.289,0]},"t":18,"s":[-60,60,100],"e":[-60,60,100]},{"t":33}],"ix":6}},"ao":0,"w":220,"h":220,"ip":0,"op":363,"st":0,"bm":0},{"ddd":0,"ind":13,"ty":2,"nm":"彩带.png","cl":"png","refId":"image_6","sr":1,"ks":{"o":{"a":1,"k":[{"i":{"x":[0.667],"y":[1]},"o":{"x":[0.333],"y":[0]},"t":12,"s":[100],"e":[100]},{"i":{"x":[0.667],"y":[1]},"o":{"x":[0.333],"y":[0]},"t":21,"s":[100],"e":[100]},{"i":{"x":[0.667],"y":[1]},"o":{"x":[0.333],"y":[0]},"t":23,"s":[100],"e":[0]},{"t":60}],"ix":11},"r":{"a":1,"k":[{"i":{"x":[0.667],"y":[1]},"o":{"x":[0.333],"y":[0]},"t":12,"s":[-181],"e":[121]},{"t":60}],"ix":10},"p":{"a":1,"k":[{"i":{"x":0.562,"y":0.744},"o":{"x":0.191,"y":0.221},"t":12,"s":[-70,650.818,0],"e":[56.519,466.25,0],"to":[-5.448,-74.775,0],"ti":[-72.625,-10.754,0]},{"i":{"x":0.843,"y":1},"o":{"x":0.361,"y":0.723},"t":20.25,"s":[56.519,466.25,0],"e":[195.97,755.182,0],"to":[149.447,22.13,0],"ti":[-3.731,-9.195,0]},{"t":60}],"ix":2},"a":{"a":0,"k":[50,50,0],"ix":1},"s":{"a":1,"k":[{"i":{"x":[0.667,0.667,0.667],"y":[1,1,1]},"o":{"x":[0.333,0.333,0.333],"y":[0,0,0]},"t":12,"s":[0,0,100],"e":[64,64,100]},{"i":{"x":[0.833,0.833,0.833],"y":[1,1,1]},"o":{"x":[0.333,0.333,0.333],"y":[0,0,0]},"t":21,"s":[64,64,100],"e":[20,20,100]},{"t":60}],"ix":6}},"ao":0,"ip":0,"op":288,"st":0,"bm":0},{"ddd":0,"ind":14,"ty":2,"nm":"彩带3.png","cl":"png","refId":"image_7","sr":1,"ks":{"o":{"a":1,"k":[{"i":{"x":[0.667],"y":[1]},"o":{"x":[0.333],"y":[0]},"t":12,"s":[100],"e":[100]},{"i":{"x":[0.667],"y":[1]},"o":{"x":[0.333],"y":[0]},"t":21,"s":[100],"e":[100]},{"i":{"x":[0.667],"y":[1]},"o":{"x":[0.333],"y":[0]},"t":23,"s":[100],"e":[0]},{"t":60}],"ix":11},"r":{"a":1,"k":[{"i":{"x":[0.667],"y":[1]},"o":{"x":[0.333],"y":[0]},"t":12,"s":[-181],"e":[121]},{"t":60}],"ix":10},"p":{"a":1,"k":[{"i":{"x":0.562,"y":0.855},"o":{"x":0.191,"y":0.125},"t":12,"s":[-76.727,694.818,0],"e":[85.017,312.859,0],"to":[-7.903,-94.047,0],"ti":[-150.983,76.859,0]},{"i":{"x":0.843,"y":1},"o":{"x":0.361,"y":0.902},"t":20.25,"s":[85.017,312.859,0],"e":[342,321,0],"to":[150.983,-76.859,0],"ti":[-46,-44,0]},{"t":60}],"ix":2},"a":{"a":0,"k":[50,50,0],"ix":1},"s":{"a":1,"k":[{"i":{"x":[0.667,0.667,0.667],"y":[1,1,1]},"o":{"x":[0.333,0.333,0.333],"y":[0,0,0]},"t":12,"s":[0,0,100],"e":[89,89,100]},{"i":{"x":[0.833,0.833,0.833],"y":[1,1,1]},"o":{"x":[0.333,0.333,0.333],"y":[0,0,0]},"t":21,"s":[89,89,100],"e":[20,20,100]},{"t":60}],"ix":6}},"ao":0,"ip":0,"op":288,"st":0,"bm":0},{"ddd":0,"ind":15,"ty":2,"nm":"彩带3.png","cl":"png","refId":"image_7","sr":1,"ks":{"o":{"a":1,"k":[{"i":{"x":[0.667],"y":[1]},"o":{"x":[0.333],"y":[0]},"t":12,"s":[100],"e":[100]},{"i":{"x":[0.667],"y":[1]},"o":{"x":[0.333],"y":[0]},"t":21,"s":[100],"e":[100]},{"i":{"x":[0.667],"y":[1]},"o":{"x":[0.333],"y":[0]},"t":23,"s":[100],"e":[0]},{"t":42}],"ix":11},"r":{"a":1,"k":[{"i":{"x":[0.667],"y":[1]},"o":{"x":[0.333],"y":[0]},"t":12,"s":[-181],"e":[121]},{"t":42}],"ix":10},"p":{"a":1,"k":[{"i":{"x":0.562,"y":0.802},"o":{"x":0.191,"y":0.171},"t":12,"s":[-78.727,742.818,0],"e":[139.878,575.394,0],"to":[-18.903,-38.047,0],"ti":[-146.034,-49.697,0]},{"i":{"x":0.843,"y":1},"o":{"x":0.361,"y":0.317},"t":20.25,"s":[139.878,575.394,0],"e":[326,926,0],"to":[208.206,70.855,0],"ti":[11.818,-63.818,0]},{"t":42}],"ix":2},"a":{"a":0,"k":[50,50,0],"ix":1},"s":{"a":1,"k":[{"i":{"x":[0.667,0.667,0.667],"y":[1,1,1]},"o":{"x":[0.333,0.333,0.333],"y":[0,0,0]},"t":12,"s":[0,0,100],"e":[76,76,100]},{"i":{"x":[0.833,0.833,0.833],"y":[1,1,1]},"o":{"x":[0.333,0.333,0.333],"y":[0,0,0]},"t":21,"s":[76,76,100],"e":[20,20,100]},{"t":42}],"ix":6}},"ao":0,"ip":0,"op":288,"st":0,"bm":0},{"ddd":0,"ind":16,"ty":2,"nm":"彩带黄色.ai","cl":"ai","refId":"image_8","sr":1,"ks":{"o":{"a":1,"k":[{"i":{"x":[0.667],"y":[1]},"o":{"x":[0.333],"y":[0]},"t":12,"s":[100],"e":[100]},{"i":{"x":[0.667],"y":[1]},"o":{"x":[0.333],"y":[0]},"t":21,"s":[100],"e":[100]},{"i":{"x":[0.667],"y":[1]},"o":{"x":[0.333],"y":[0]},"t":23,"s":[100],"e":[0]},{"t":42}],"ix":11},"r":{"a":1,"k":[{"i":{"x":[0.667],"y":[1]},"o":{"x":[0.333],"y":[0]},"t":12,"s":[-181],"e":[208]},{"t":42}],"ix":10},"p":{"a":1,"k":[{"i":{"x":0.562,"y":0.822},"o":{"x":0.191,"y":0.154},"t":12,"s":[-52,720.636,0],"e":[118.336,422,0],"to":[-1.448,-81.775,0],"ti":[-58.249,5.885,0]},{"i":{"x":0.843,"y":1},"o":{"x":0.361,"y":0.395},"t":20.25,"s":[118.336,422,0],"e":[332.455,628.455,0],"to":[227.664,-23,0],"ti":[2.545,-14.455,0]},{"t":42}],"ix":2},"a":{"a":0,"k":[39.5,47.5,0],"ix":1},"s":{"a":1,"k":[{"i":{"x":[0.667,0.667,0.667],"y":[1,1,1]},"o":{"x":[0.333,0.333,0.333],"y":[0,0,0]},"t":12,"s":[0,0,100],"e":[54,54,100]},{"i":{"x":[0.833,0.833,0.833],"y":[1,1,1]},"o":{"x":[0.333,0.333,0.333],"y":[0,0,0]},"t":21,"s":[54,54,100],"e":[20,20,100]},{"t":42}],"ix":6}},"ao":0,"ip":0,"op":288,"st":0,"bm":0},{"ddd":0,"ind":17,"ty":2,"nm":"彩带黄色.ai","cl":"ai","refId":"image_8","sr":1,"ks":{"o":{"a":1,"k":[{"i":{"x":[0.667],"y":[1]},"o":{"x":[0.333],"y":[0]},"t":12,"s":[100],"e":[100]},{"i":{"x":[0.667],"y":[1]},"o":{"x":[0.333],"y":[0]},"t":21,"s":[100],"e":[100]},{"i":{"x":[0.667],"y":[1]},"o":{"x":[0.333],"y":[0]},"t":23,"s":[100],"e":[0]},{"t":42}],"ix":11},"r":{"a":1,"k":[{"i":{"x":[0.667],"y":[1]},"o":{"x":[0.333],"y":[0]},"t":12,"s":[-181],"e":[121]},{"t":42}],"ix":10},"p":{"a":1,"k":[{"i":{"x":0.562,"y":0.723},"o":{"x":0.191,"y":0.24},"t":12,"s":[-105.273,778.636,0],"e":[47.696,644.849,0],"to":[12.552,-98.775,0],"ti":[-64.772,-13.568,0]},{"i":{"x":0.843,"y":1},"o":{"x":0.361,"y":0.33},"t":20.25,"s":[47.696,644.849,0],"e":[173.455,1011.455,0],"to":[159.713,33.456,0],"ti":[-3.731,-9.195,0]},{"t":42}],"ix":2},"a":{"a":0,"k":[39.5,47.5,0],"ix":1},"s":{"a":1,"k":[{"i":{"x":[0.667,0.667,0.667],"y":[1,1,1]},"o":{"x":[0.333,0.333,0.333],"y":[0,0,0]},"t":12,"s":[0,0,100],"e":[67,67,100]},{"i":{"x":[0.833,0.833,0.833],"y":[1,1,1]},"o":{"x":[0.333,0.333,0.333],"y":[0,0,0]},"t":21,"s":[67,67,100],"e":[20,20,100]},{"t":42}],"ix":6}},"ao":0,"ip":0,"op":288,"st":0,"bm":0},{"ddd":0,"ind":18,"ty":4,"nm":"形状图层 1","sr":1,"ks":{"o":{"a":1,"k":[{"i":{"x":[0.667],"y":[1]},"o":{"x":[0.333],"y":[0]},"t":12,"s":[100],"e":[100]},{"i":{"x":[0.667],"y":[1]},"o":{"x":[0.333],"y":[0]},"t":21,"s":[100],"e":[100]},{"i":{"x":[0.667],"y":[1]},"o":{"x":[0.333],"y":[0]},"t":23,"s":[100],"e":[0]},{"t":60}],"ix":11},"r":{"a":0,"k":-181,"ix":10},"p":{"a":1,"k":[{"i":{"x":0.562,"y":0.845},"o":{"x":0.191,"y":0.134},"t":12,"s":[-51.505,710.215,0],"e":[54.032,328.022,0],"to":[22.552,-55.775,0],"ti":[-58.168,-19.67,0]},{"i":{"x":0.843,"y":1},"o":{"x":0.314,"y":1},"t":20.25,"s":[54.032,328.022,0],"e":[101.97,532.182,0],"to":[58.168,19.67,0],"ti":[-3.731,-9.195,0]},{"t":60}],"ix":2},"a":{"a":0,"k":[0,0,0],"ix":1},"s":{"a":1,"k":[{"i":{"x":[0.667,0.667,0.667],"y":[1,1,1]},"o":{"x":[0.333,0.333,0.333],"y":[0,0,0]},"t":12,"s":[0,0,100],"e":[50,50,100]},{"t":21}],"ix":6}},"ao":0,"shapes":[{"ty":"gr","it":[{"d":1,"ty":"el","s":{"a":0,"k":[20,20],"ix":2},"p":{"a":0,"k":[0,0],"ix":3},"nm":"椭圆路径 1","mn":"ADBE Vector Shape - Ellipse","hd":false},{"ty":"tr","p":{"a":0,"k":[0,0],"ix":2},"a":{"a":0,"k":[0,0],"ix":1},"s":{"a":0,"k":[100,100],"ix":3},"r":{"a":0,"k":0,"ix":6},"o":{"a":0,"k":100,"ix":7},"sk":{"a":0,"k":0,"ix":4},"sa":{"a":0,"k":0,"ix":5},"nm":"变换"}],"nm":"椭圆 1","np":2,"cix":2,"bm":0,"ix":1,"mn":"ADBE Vector Group","hd":false},{"ty":"fl","c":{"a":0,"k":[0.960784316063,0.784313738346,0.223529413342,1],"ix":4},"o":{"a":0,"k":100,"ix":5},"r":1,"bm":0,"nm":"填充 1","mn":"ADBE Vector Graphic - Fill","hd":false}],"ip":0,"op":288,"st":0,"bm":0},{"ddd":0,"ind":19,"ty":4,"nm":"形状图层 2","sr":1,"ks":{"o":{"a":1,"k":[{"i":{"x":[0.667],"y":[1]},"o":{"x":[0.333],"y":[0]},"t":12,"s":[100],"e":[100]},{"i":{"x":[0.667],"y":[1]},"o":{"x":[0.333],"y":[0]},"t":21,"s":[100],"e":[100]},{"i":{"x":[0.667],"y":[1]},"o":{"x":[0.333],"y":[0]},"t":23,"s":[100],"e":[0]},{"t":60}],"ix":11},"r":{"a":0,"k":-181,"ix":10},"p":{"a":1,"k":[{"i":{"x":0.562,"y":0.781},"o":{"x":0.191,"y":0.19},"t":12,"s":[-46,588.818,0],"e":[49.302,337.909,0],"to":[-30.448,-62.775,0],"ti":[-79.481,32.25,0]},{"i":{"x":0.843,"y":1},"o":{"x":0.235,"y":1},"t":20.25,"s":[49.302,337.909,0],"e":[167,388,0],"to":[79.481,-32.25,0],"ti":[-1,-65,0]},{"t":60}],"ix":2},"a":{"a":0,"k":[0,0,0],"ix":1},"s":{"a":1,"k":[{"i":{"x":[0.667,0.667,0.667],"y":[1,1,1]},"o":{"x":[0.333,0.333,0.333],"y":[0,0,0]},"t":12,"s":[0,0,100],"e":[50,50,100]},{"t":21}],"ix":6}},"ao":0,"shapes":[{"ty":"gr","it":[{"d":1,"ty":"el","s":{"a":0,"k":[20,20],"ix":2},"p":{"a":0,"k":[0,0],"ix":3},"nm":"椭圆路径 1","mn":"ADBE Vector Shape - Ellipse","hd":false},{"ty":"tr","p":{"a":0,"k":[0,0],"ix":2},"a":{"a":0,"k":[0,0],"ix":1},"s":{"a":0,"k":[100,100],"ix":3},"r":{"a":0,"k":0,"ix":6},"o":{"a":0,"k":100,"ix":7},"sk":{"a":0,"k":0,"ix":4},"sa":{"a":0,"k":0,"ix":5},"nm":"变换"}],"nm":"椭圆 1","np":2,"cix":2,"bm":0,"ix":1,"mn":"ADBE Vector Group","hd":false},{"ty":"fl","c":{"a":0,"k":[0.960784316063,0.784313738346,0.223529413342,1],"ix":4},"o":{"a":0,"k":100,"ix":5},"r":1,"bm":0,"nm":"填充 1","mn":"ADBE Vector Graphic - Fill","hd":false}],"ip":0,"op":288,"st":0,"bm":0},{"ddd":0,"ind":20,"ty":4,"nm":"形状图层 3","sr":1,"ks":{"o":{"a":1,"k":[{"i":{"x":[0.667],"y":[1]},"o":{"x":[0.333],"y":[0]},"t":12,"s":[100],"e":[100]},{"i":{"x":[0.667],"y":[1]},"o":{"x":[0.333],"y":[0]},"t":21,"s":[100],"e":[100]},{"i":{"x":[0.667],"y":[1]},"o":{"x":[0.333],"y":[0]},"t":23,"s":[100],"e":[0]},{"t":60}],"ix":11},"r":{"a":0,"k":-181,"ix":10},"p":{"a":1,"k":[{"i":{"x":0.562,"y":0.826},"o":{"x":0.191,"y":0.15},"t":12,"s":[-40.14,728.355,0],"e":[87.768,410.376,0],"to":[-30.448,-62.775,0],"ti":[-98.648,35.476,0]},{"i":{"x":0.843,"y":1},"o":{"x":0.291,"y":1},"t":20.25,"s":[87.768,410.376,0],"e":[181,536,0],"to":[98.648,-35.476,0],"ti":[13,-55,0]},{"t":60}],"ix":2},"a":{"a":0,"k":[0,0,0],"ix":1},"s":{"a":1,"k":[{"i":{"x":[0.667,0.667,0.667],"y":[1,1,1]},"o":{"x":[0.333,0.333,0.333],"y":[0,0,0]},"t":12,"s":[0,0,100],"e":[50,50,100]},{"t":21}],"ix":6}},"ao":0,"shapes":[{"ty":"gr","it":[{"d":1,"ty":"el","s":{"a":0,"k":[20,20],"ix":2},"p":{"a":0,"k":[0,0],"ix":3},"nm":"椭圆路径 1","mn":"ADBE Vector Shape - Ellipse","hd":false},{"ty":"tr","p":{"a":0,"k":[0,0],"ix":2},"a":{"a":0,"k":[0,0],"ix":1},"s":{"a":0,"k":[100,100],"ix":3},"r":{"a":0,"k":0,"ix":6},"o":{"a":0,"k":100,"ix":7},"sk":{"a":0,"k":0,"ix":4},"sa":{"a":0,"k":0,"ix":5},"nm":"变换"}],"nm":"椭圆 1","np":2,"cix":2,"bm":0,"ix":1,"mn":"ADBE Vector Group","hd":false},{"ty":"fl","c":{"a":0,"k":[0.572549045086,0.886274516582,0.847058832645,1],"ix":4},"o":{"a":0,"k":100,"ix":5},"r":1,"bm":0,"nm":"填充 1","mn":"ADBE Vector Graphic - Fill","hd":false}],"ip":0,"op":288,"st":0,"bm":0},{"ddd":0,"ind":21,"ty":4,"nm":"形状图层 4","sr":1,"ks":{"o":{"a":1,"k":[{"i":{"x":[0.667],"y":[1]},"o":{"x":[0.333],"y":[0]},"t":12,"s":[100],"e":[100]},{"i":{"x":[0.667],"y":[1]},"o":{"x":[0.333],"y":[0]},"t":21,"s":[100],"e":[100]},{"i":{"x":[0.667],"y":[1]},"o":{"x":[0.333],"y":[0]},"t":23,"s":[100],"e":[0]},{"t":60}],"ix":11},"r":{"a":0,"k":-181,"ix":10},"p":{"a":1,"k":[{"i":{"x":0.562,"y":0.829},"o":{"x":0.191,"y":0.148},"t":12,"s":[-42,772.818,0],"e":[84.633,453.718,0],"to":[-13,-35.818,0],"ti":[-93.367,-20.282,0]},{"i":{"x":0.843,"y":1},"o":{"x":0.361,"y":0.496},"t":20.25,"s":[84.633,453.718,0],"e":[84.466,944.687,0],"to":[93.367,20.282,0],"ti":[-4,-23,0]},{"t":60}],"ix":2},"a":{"a":0,"k":[0,0,0],"ix":1},"s":{"a":1,"k":[{"i":{"x":[0.667,0.667,0.667],"y":[1,1,1]},"o":{"x":[0.333,0.333,0.333],"y":[0,0,0]},"t":12,"s":[0,0,100],"e":[50,50,100]},{"t":21}],"ix":6}},"ao":0,"shapes":[{"ty":"gr","it":[{"d":1,"ty":"el","s":{"a":0,"k":[20,20],"ix":2},"p":{"a":0,"k":[0,0],"ix":3},"nm":"椭圆路径 1","mn":"ADBE Vector Shape - Ellipse","hd":false},{"ty":"tr","p":{"a":0,"k":[0,0],"ix":2},"a":{"a":0,"k":[0,0],"ix":1},"s":{"a":0,"k":[100,100],"ix":3},"r":{"a":0,"k":0,"ix":6},"o":{"a":0,"k":100,"ix":7},"sk":{"a":0,"k":0,"ix":4},"sa":{"a":0,"k":0,"ix":5},"nm":"变换"}],"nm":"椭圆 1","np":2,"cix":2,"bm":0,"ix":1,"mn":"ADBE Vector Group","hd":false},{"ty":"fl","c":{"a":0,"k":[0.572549045086,0.886274516582,0.847058832645,1],"ix":4},"o":{"a":0,"k":100,"ix":5},"r":1,"bm":0,"nm":"填充 1","mn":"ADBE Vector Graphic - Fill","hd":false}],"ip":0,"op":288,"st":0,"bm":0},{"ddd":0,"ind":22,"ty":4,"nm":"形状图层 5","sr":1,"ks":{"o":{"a":1,"k":[{"i":{"x":[0.667],"y":[1]},"o":{"x":[0.333],"y":[0]},"t":12,"s":[100],"e":[100]},{"i":{"x":[0.667],"y":[1]},"o":{"x":[0.333],"y":[0]},"t":21,"s":[100],"e":[100]},{"i":{"x":[0.667],"y":[1]},"o":{"x":[0.333],"y":[0]},"t":23,"s":[100],"e":[0]},{"t":60}],"ix":11},"r":{"a":0,"k":-181,"ix":10},"p":{"a":1,"k":[{"i":{"x":0.562,"y":0.852},"o":{"x":0.191,"y":0.128},"t":12,"s":[-32.14,726.355,0],"e":[64.707,321.15,0],"to":[-2.448,-18.775,0],"ti":[-71.293,11.15,0]},{"i":{"x":0.843,"y":1},"o":{"x":0.361,"y":0.507},"t":20.25,"s":[64.707,321.15,0],"e":[229,775,0],"to":[71.293,-11.15,0],"ti":[11,-16,0]},{"t":60}],"ix":2},"a":{"a":0,"k":[0,0,0],"ix":1},"s":{"a":1,"k":[{"i":{"x":[0.667,0.667,0.667],"y":[1,1,1]},"o":{"x":[0.333,0.333,0.333],"y":[0,0,0]},"t":12,"s":[0,0,100],"e":[50,50,100]},{"t":21}],"ix":6}},"ao":0,"shapes":[{"ty":"gr","it":[{"d":1,"ty":"el","s":{"a":0,"k":[20,20],"ix":2},"p":{"a":0,"k":[0,0],"ix":3},"nm":"椭圆路径 1","mn":"ADBE Vector Shape - Ellipse","hd":false},{"ty":"tr","p":{"a":0,"k":[0,0],"ix":2},"a":{"a":0,"k":[0,0],"ix":1},"s":{"a":0,"k":[100,100],"ix":3},"r":{"a":0,"k":0,"ix":6},"o":{"a":0,"k":100,"ix":7},"sk":{"a":0,"k":0,"ix":4},"sa":{"a":0,"k":0,"ix":5},"nm":"变换"}],"nm":"椭圆 1","np":2,"cix":2,"bm":0,"ix":1,"mn":"ADBE Vector Group","hd":false},{"ty":"fl","c":{"a":0,"k":[0.980392158031,0.054901961237,0.137254908681,1],"ix":4},"o":{"a":0,"k":100,"ix":5},"r":1,"bm":0,"nm":"填充 1","mn":"ADBE Vector Graphic - Fill","hd":false}],"ip":0,"op":288,"st":0,"bm":0},{"ddd":0,"ind":23,"ty":4,"nm":"形状图层 6","sr":1,"ks":{"o":{"a":1,"k":[{"i":{"x":[0.667],"y":[1]},"o":{"x":[0.333],"y":[0]},"t":12,"s":[100],"e":[100]},{"i":{"x":[0.667],"y":[1]},"o":{"x":[0.333],"y":[0]},"t":21,"s":[100],"e":[100]},{"i":{"x":[0.667],"y":[1]},"o":{"x":[0.333],"y":[0]},"t":23,"s":[100],"e":[0]},{"t":60}],"ix":11},"r":{"a":0,"k":-181,"ix":10},"p":{"a":1,"k":[{"i":{"x":0.562,"y":0.719},"o":{"x":0.191,"y":0.243},"t":12,"s":[-46,718.818,0],"e":[83.087,566.372,0],"to":[22.552,-55.775,0],"ti":[-98.232,-21.624,0]},{"i":{"x":0.843,"y":1},"o":{"x":0.361,"y":0.672},"t":20.25,"s":[83.087,566.372,0],"e":[171.97,913.182,0],"to":[98.232,21.624,0],"ti":[-7.97,-40.182,0]},{"t":60}],"ix":2},"a":{"a":0,"k":[0,0,0],"ix":1},"s":{"a":1,"k":[{"i":{"x":[0.667,0.667,0.667],"y":[1,1,1]},"o":{"x":[0.333,0.333,0.333],"y":[0,0,0]},"t":12,"s":[0,0,100],"e":[50,50,100]},{"t":21}],"ix":6}},"ao":0,"shapes":[{"ty":"gr","it":[{"d":1,"ty":"el","s":{"a":0,"k":[20,20],"ix":2},"p":{"a":0,"k":[0,0],"ix":3},"nm":"椭圆路径 1","mn":"ADBE Vector Shape - Ellipse","hd":false},{"ty":"tr","p":{"a":0,"k":[0,0],"ix":2},"a":{"a":0,"k":[0,0],"ix":1},"s":{"a":0,"k":[100,100],"ix":3},"r":{"a":0,"k":0,"ix":6},"o":{"a":0,"k":100,"ix":7},"sk":{"a":0,"k":0,"ix":4},"sa":{"a":0,"k":0,"ix":5},"nm":"变换"}],"nm":"椭圆 1","np":2,"cix":2,"bm":0,"ix":1,"mn":"ADBE Vector Group","hd":false},{"ty":"fl","c":{"a":0,"k":[0.980392158031,0.054901961237,0.137254908681,1],"ix":4},"o":{"a":0,"k":100,"ix":5},"r":1,"bm":0,"nm":"填充 1","mn":"ADBE Vector Graphic - Fill","hd":false}],"ip":0,"op":288,"st":0,"bm":0},{"ddd":0,"ind":24,"ty":4,"nm":"形状图层 7","sr":1,"ks":{"o":{"a":1,"k":[{"i":{"x":[0.667],"y":[1]},"o":{"x":[0.333],"y":[0]},"t":12,"s":[100],"e":[100]},{"i":{"x":[0.667],"y":[1]},"o":{"x":[0.333],"y":[0]},"t":21,"s":[100],"e":[100]},{"i":{"x":[0.667],"y":[1]},"o":{"x":[0.333],"y":[0]},"t":23,"s":[100],"e":[0]},{"t":60}],"ix":11},"r":{"a":0,"k":-181,"ix":10},"p":{"a":1,"k":[{"i":{"x":0.562,"y":0.799},"o":{"x":0.191,"y":0.174},"t":12,"s":[-25.645,680.14,0],"e":[113.435,422.086,0],"to":[4.552,-77.775,0],"ti":[-114.565,24.086,0]},{"i":{"x":0.843,"y":1},"o":{"x":0.361,"y":0.589},"t":20.25,"s":[113.435,422.086,0],"e":[271.97,784.182,0],"to":[114.565,-24.086,0],"ti":[13.03,-43.182,0]},{"t":60}],"ix":2},"a":{"a":0,"k":[0,0,0],"ix":1},"s":{"a":1,"k":[{"i":{"x":[0.667,0.667,0.667],"y":[1,1,1]},"o":{"x":[0.333,0.333,0.333],"y":[0,0,0]},"t":12,"s":[0,0,100],"e":[50,50,100]},{"t":21}],"ix":6}},"ao":0,"shapes":[{"ty":"gr","it":[{"d":1,"ty":"el","s":{"a":0,"k":[20,20],"ix":2},"p":{"a":0,"k":[0,0],"ix":3},"nm":"椭圆路径 1","mn":"ADBE Vector Shape - Ellipse","hd":false},{"ty":"tr","p":{"a":0,"k":[0,0],"ix":2},"a":{"a":0,"k":[0,0],"ix":1},"s":{"a":0,"k":[100,100],"ix":3},"r":{"a":0,"k":0,"ix":6},"o":{"a":0,"k":100,"ix":7},"sk":{"a":0,"k":0,"ix":4},"sa":{"a":0,"k":0,"ix":5},"nm":"变换"}],"nm":"椭圆 1","np":2,"cix":2,"bm":0,"ix":1,"mn":"ADBE Vector Group","hd":false},{"ty":"fl","c":{"a":0,"k":[0.960784316063,0.784313738346,0.223529413342,1],"ix":4},"o":{"a":0,"k":50,"ix":5},"r":1,"bm":0,"nm":"填充 1","mn":"ADBE Vector Graphic - Fill","hd":false}],"ip":0,"op":288,"st":0,"bm":0},{"ddd":0,"ind":25,"ty":4,"nm":"形状图层 8","sr":1,"ks":{"o":{"a":1,"k":[{"i":{"x":[0.667],"y":[1]},"o":{"x":[0.333],"y":[0]},"t":12,"s":[100],"e":[100]},{"i":{"x":[0.667],"y":[1]},"o":{"x":[0.333],"y":[0]},"t":21,"s":[100],"e":[100]},{"i":{"x":[0.667],"y":[1]},"o":{"x":[0.333],"y":[0]},"t":23,"s":[100],"e":[0]},{"t":60}],"ix":11},"r":{"a":0,"k":-181,"ix":10},"p":{"a":1,"k":[{"i":{"x":0.562,"y":0.791},"o":{"x":0.191,"y":0.181},"t":12,"s":[-62,676.818,0],"e":[139.118,479.78,0],"to":[11.552,-64.775,0],"ti":[-126.882,7.78,0]},{"i":{"x":0.843,"y":1},"o":{"x":0.361,"y":0.729},"t":20.25,"s":[139.118,479.78,0],"e":[386.882,691.095,0],"to":[126.882,-7.78,0],"ti":[-29.913,-72.001,0]},{"t":60}],"ix":2},"a":{"a":0,"k":[0,0,0],"ix":1},"s":{"a":1,"k":[{"i":{"x":[0.667,0.667,0.667],"y":[1,1,1]},"o":{"x":[0.333,0.333,0.333],"y":[0,0,0]},"t":12,"s":[0,0,100],"e":[50,50,100]},{"t":21}],"ix":6}},"ao":0,"shapes":[{"ty":"gr","it":[{"d":1,"ty":"el","s":{"a":0,"k":[20,20],"ix":2},"p":{"a":0,"k":[0,0],"ix":3},"nm":"椭圆路径 1","mn":"ADBE Vector Shape - Ellipse","hd":false},{"ty":"tr","p":{"a":0,"k":[0,0],"ix":2},"a":{"a":0,"k":[0,0],"ix":1},"s":{"a":0,"k":[100,100],"ix":3},"r":{"a":0,"k":0,"ix":6},"o":{"a":0,"k":100,"ix":7},"sk":{"a":0,"k":0,"ix":4},"sa":{"a":0,"k":0,"ix":5},"nm":"变换"}],"nm":"椭圆 1","np":2,"cix":2,"bm":0,"ix":1,"mn":"ADBE Vector Group","hd":false},{"ty":"fl","c":{"a":0,"k":[0.960784316063,0.784313738346,0.223529413342,1],"ix":4},"o":{"a":0,"k":50,"ix":5},"r":1,"bm":0,"nm":"填充 1","mn":"ADBE Vector Graphic - Fill","hd":false}],"ip":0,"op":288,"st":0,"bm":0},{"ddd":0,"ind":26,"ty":4,"nm":"形状图层 9","sr":1,"ks":{"o":{"a":1,"k":[{"i":{"x":[0.667],"y":[1]},"o":{"x":[0.333],"y":[0]},"t":12,"s":[100],"e":[100]},{"i":{"x":[0.667],"y":[1]},"o":{"x":[0.333],"y":[0]},"t":21,"s":[100],"e":[100]},{"i":{"x":[0.667],"y":[1]},"o":{"x":[0.333],"y":[0]},"t":23,"s":[100],"e":[0]},{"t":60}],"ix":11},"r":{"a":0,"k":-181,"ix":10},"p":{"a":1,"k":[{"i":{"x":0.562,"y":0.797},"o":{"x":0.191,"y":0.176},"t":12,"s":[-56,671.818,0],"e":[75.949,366.488,0],"to":[9.552,-30.775,0],"ti":[-122.051,112.488,0]},{"i":{"x":0.843,"y":1},"o":{"x":0.361,"y":0.686},"t":21,"s":[75.949,366.488,0],"e":[383.692,399.761,0],"to":[122.051,-112.488,0],"ti":[-63.692,-95.761,0]},{"t":60}],"ix":2},"a":{"a":0,"k":[0,0,0],"ix":1},"s":{"a":1,"k":[{"i":{"x":[0.667,0.667,0.667],"y":[1,1,1]},"o":{"x":[0.333,0.333,0.333],"y":[0,0,0]},"t":12,"s":[0,0,100],"e":[50,50,100]},{"t":21}],"ix":6}},"ao":0,"shapes":[{"ty":"gr","it":[{"d":1,"ty":"el","s":{"a":0,"k":[20,20],"ix":2},"p":{"a":0,"k":[0,0],"ix":3},"nm":"椭圆路径 1","mn":"ADBE Vector Shape - Ellipse","hd":false},{"ty":"tr","p":{"a":0,"k":[0,0],"ix":2},"a":{"a":0,"k":[0,0],"ix":1},"s":{"a":0,"k":[100,100],"ix":3},"r":{"a":0,"k":0,"ix":6},"o":{"a":0,"k":100,"ix":7},"sk":{"a":0,"k":0,"ix":4},"sa":{"a":0,"k":0,"ix":5},"nm":"变换"}],"nm":"椭圆 1","np":2,"cix":2,"bm":0,"ix":1,"mn":"ADBE Vector Group","hd":false},{"ty":"fl","c":{"a":0,"k":[0.960784316063,0.784313738346,0.223529413342,1],"ix":4},"o":{"a":0,"k":50,"ix":5},"r":1,"bm":0,"nm":"填充 1","mn":"ADBE Vector Graphic - Fill","hd":false}],"ip":0,"op":288,"st":0,"bm":0},{"ddd":0,"ind":27,"ty":4,"nm":"形状图层 10","sr":1,"ks":{"o":{"a":1,"k":[{"i":{"x":[0.667],"y":[1]},"o":{"x":[0.333],"y":[0]},"t":12,"s":[100],"e":[100]},{"i":{"x":[0.667],"y":[1]},"o":{"x":[0.333],"y":[0]},"t":21,"s":[100],"e":[100]},{"i":{"x":[0.667],"y":[1]},"o":{"x":[0.333],"y":[0]},"t":23,"s":[100],"e":[0]},{"t":60}],"ix":11},"r":{"a":0,"k":-181,"ix":10},"p":{"a":1,"k":[{"i":{"x":0.562,"y":0.856},"o":{"x":0.191,"y":0.124},"t":12,"s":[-64.495,617.785,0],"e":[126.227,200.954,0],"to":[9.552,-30.775,0],"ti":[-171.773,58.954,0]},{"i":{"x":0.843,"y":1},"o":{"x":0.361,"y":0.853},"t":21,"s":[126.227,200.954,0],"e":[347.15,312.428,0],"to":[171.773,-58.954,0],"ti":[-6.692,-42.261,0]},{"t":60}],"ix":2},"a":{"a":0,"k":[0,0,0],"ix":1},"s":{"a":1,"k":[{"i":{"x":[0.667,0.667,0.667],"y":[1,1,1]},"o":{"x":[0.333,0.333,0.333],"y":[0,0,0]},"t":12,"s":[0,0,100],"e":[50,50,100]},{"t":21}],"ix":6}},"ao":0,"shapes":[{"ty":"gr","it":[{"d":1,"ty":"el","s":{"a":0,"k":[20,20],"ix":2},"p":{"a":0,"k":[0,0],"ix":3},"nm":"椭圆路径 1","mn":"ADBE Vector Shape - Ellipse","hd":false},{"ty":"tr","p":{"a":0,"k":[0,0],"ix":2},"a":{"a":0,"k":[0,0],"ix":1},"s":{"a":0,"k":[100,100],"ix":3},"r":{"a":0,"k":0,"ix":6},"o":{"a":0,"k":100,"ix":7},"sk":{"a":0,"k":0,"ix":4},"sa":{"a":0,"k":0,"ix":5},"nm":"变换"}],"nm":"椭圆 1","np":2,"cix":2,"bm":0,"ix":1,"mn":"ADBE Vector Group","hd":false},{"ty":"fl","c":{"a":0,"k":[0.980392158031,0.054901961237,0.137254908681,1],"ix":4},"o":{"a":0,"k":50,"ix":5},"r":1,"bm":0,"nm":"填充 1","mn":"ADBE Vector Graphic - Fill","hd":false}],"ip":0,"op":288,"st":0,"bm":0},{"ddd":0,"ind":28,"ty":4,"nm":"形状图层 11","sr":1,"ks":{"o":{"a":1,"k":[{"i":{"x":[0.667],"y":[1]},"o":{"x":[0.333],"y":[0]},"t":12,"s":[100],"e":[100]},{"i":{"x":[0.667],"y":[1]},"o":{"x":[0.333],"y":[0]},"t":21,"s":[100],"e":[100]},{"i":{"x":[0.667],"y":[1]},"o":{"x":[0.333],"y":[0]},"t":23,"s":[100],"e":[0]},{"t":60}],"ix":11},"r":{"a":0,"k":-181,"ix":10},"p":{"a":1,"k":[{"i":{"x":0.562,"y":0.813},"o":{"x":0.191,"y":0.162},"t":12,"s":[-77.86,690.355,0],"e":[70.863,361.576,0],"to":[9.552,-30.775,0],"ti":[-33.355,-26.798,0]},{"i":{"x":0.843,"y":1},"o":{"x":0.361,"y":0.529},"t":21,"s":[70.863,361.576,0],"e":[50.1,824.639,0],"to":[33.355,26.798,0],"ti":[3,-37.761,0]},{"t":60}],"ix":2},"a":{"a":0,"k":[0,0,0],"ix":1},"s":{"a":1,"k":[{"i":{"x":[0.667,0.667,0.667],"y":[1,1,1]},"o":{"x":[0.333,0.333,0.333],"y":[0,0,0]},"t":12,"s":[0,0,100],"e":[50,50,100]},{"t":21}],"ix":6}},"ao":0,"shapes":[{"ty":"gr","it":[{"d":1,"ty":"el","s":{"a":0,"k":[20,20],"ix":2},"p":{"a":0,"k":[0,0],"ix":3},"nm":"椭圆路径 1","mn":"ADBE Vector Shape - Ellipse","hd":false},{"ty":"tr","p":{"a":0,"k":[0,0],"ix":2},"a":{"a":0,"k":[0,0],"ix":1},"s":{"a":0,"k":[100,100],"ix":3},"r":{"a":0,"k":0,"ix":6},"o":{"a":0,"k":100,"ix":7},"sk":{"a":0,"k":0,"ix":4},"sa":{"a":0,"k":0,"ix":5},"nm":"变换"}],"nm":"椭圆 1","np":2,"cix":2,"bm":0,"ix":1,"mn":"ADBE Vector Group","hd":false},{"ty":"fl","c":{"a":0,"k":[0.980392158031,0.054901961237,0.137254908681,1],"ix":4},"o":{"a":0,"k":50,"ix":5},"r":1,"bm":0,"nm":"填充 1","mn":"ADBE Vector Graphic - Fill","hd":false}],"ip":0,"op":288,"st":0,"bm":0},{"ddd":0,"ind":29,"ty":4,"nm":"形状图层 12","sr":1,"ks":{"o":{"a":1,"k":[{"i":{"x":[0.667],"y":[1]},"o":{"x":[0.333],"y":[0]},"t":12,"s":[100],"e":[100]},{"i":{"x":[0.667],"y":[1]},"o":{"x":[0.333],"y":[0]},"t":21,"s":[100],"e":[100]},{"i":{"x":[0.667],"y":[1]},"o":{"x":[0.333],"y":[0]},"t":23,"s":[100],"e":[0]},{"t":60}],"ix":11},"r":{"a":0,"k":-181,"ix":10},"p":{"a":1,"k":[{"i":{"x":0.562,"y":0.823},"o":{"x":0.191,"y":0.153},"t":12,"s":[-40,595.818,0],"e":[55.421,223.992,0],"to":[0,0,0],"ti":[-110.323,145.852,0]},{"i":{"x":0.843,"y":1},"o":{"x":0.361,"y":0.622},"t":21,"s":[55.421,223.992,0],"e":[338.816,333.672,0],"to":[110.323,-145.852,0],"ti":[-52,-116.761,0]},{"t":59}],"ix":2},"a":{"a":0,"k":[0,0,0],"ix":1},"s":{"a":1,"k":[{"i":{"x":[0.667,0.667,0.667],"y":[1,1,1]},"o":{"x":[0.333,0.333,0.333],"y":[0,0,0]},"t":12,"s":[0,0,100],"e":[50,50,100]},{"t":21}],"ix":6}},"ao":0,"shapes":[{"ty":"gr","it":[{"d":1,"ty":"el","s":{"a":0,"k":[20,20],"ix":2},"p":{"a":0,"k":[0,0],"ix":3},"nm":"椭圆路径 1","mn":"ADBE Vector Shape - Ellipse","hd":false},{"ty":"tr","p":{"a":0,"k":[0,0],"ix":2},"a":{"a":0,"k":[0,0],"ix":1},"s":{"a":0,"k":[100,100],"ix":3},"r":{"a":0,"k":0,"ix":6},"o":{"a":0,"k":100,"ix":7},"sk":{"a":0,"k":0,"ix":4},"sa":{"a":0,"k":0,"ix":5},"nm":"变换"}],"nm":"椭圆 1","np":2,"cix":2,"bm":0,"ix":1,"mn":"ADBE Vector Group","hd":false},{"ty":"fl","c":{"a":0,"k":[0.572549045086,0.886274516582,0.847058832645,1],"ix":4},"o":{"a":0,"k":50,"ix":5},"r":1,"bm":0,"nm":"填充 1","mn":"ADBE Vector Graphic - Fill","hd":false}],"ip":0,"op":288,"st":0,"bm":0},{"ddd":0,"ind":30,"ty":4,"nm":"形状图层 13","sr":1,"ks":{"o":{"a":1,"k":[{"i":{"x":[0.667],"y":[1]},"o":{"x":[0.333],"y":[0]},"t":12,"s":[100],"e":[100]},{"i":{"x":[0.667],"y":[1]},"o":{"x":[0.333],"y":[0]},"t":21,"s":[100],"e":[100]},{"i":{"x":[0.667],"y":[1]},"o":{"x":[0.333],"y":[0]},"t":23,"s":[100],"e":[0]},{"t":60}],"ix":11},"r":{"a":0,"k":-181,"ix":10},"p":{"a":1,"k":[{"i":{"x":0.562,"y":0.834},"o":{"x":0.191,"y":0.144},"t":12,"s":[-66,702.818,0],"e":[106.677,354.852,0],"to":[-6,-40.818,0],"ti":[-161.323,46.852,0]},{"i":{"x":0.843,"y":1},"o":{"x":0.361,"y":0.61},"t":21,"s":[106.677,354.852,0],"e":[332.455,628.455,0],"to":[161.323,-46.852,0],"ti":[16,-46.761,0]},{"t":60}],"ix":2},"a":{"a":0,"k":[0,0,0],"ix":1},"s":{"a":1,"k":[{"i":{"x":[0.667,0.667,0.667],"y":[1,1,1]},"o":{"x":[0.333,0.333,0.333],"y":[0,0,0]},"t":12,"s":[0,0,100],"e":[50,50,100]},{"t":21}],"ix":6}},"ao":0,"shapes":[{"ty":"gr","it":[{"d":1,"ty":"el","s":{"a":0,"k":[20,20],"ix":2},"p":{"a":0,"k":[0,0],"ix":3},"nm":"椭圆路径 1","mn":"ADBE Vector Shape - Ellipse","hd":false},{"ty":"tr","p":{"a":0,"k":[0,0],"ix":2},"a":{"a":0,"k":[0,0],"ix":1},"s":{"a":0,"k":[100,100],"ix":3},"r":{"a":0,"k":0,"ix":6},"o":{"a":0,"k":100,"ix":7},"sk":{"a":0,"k":0,"ix":4},"sa":{"a":0,"k":0,"ix":5},"nm":"变换"}],"nm":"椭圆 1","np":2,"cix":2,"bm":0,"ix":1,"mn":"ADBE Vector Group","hd":false},{"ty":"fl","c":{"a":0,"k":[0.572549045086,0.886274516582,0.847058832645,1],"ix":4},"o":{"a":0,"k":50,"ix":5},"r":1,"bm":0,"nm":"填充 1","mn":"ADBE Vector Graphic - Fill","hd":false}],"ip":0,"op":288,"st":0,"bm":0}]},{"id":"comp_1","layers":[{"ddd":0,"ind":1,"ty":2,"nm":"金色雪花.png","cl":"png","refId":"image_0","sr":1,"ks":{"o":{"a":0,"k":100,"ix":11},"r":{"a":0,"k":0,"ix":10},"p":{"a":0,"k":[110,110,0],"ix":2},"a":{"a":0,"k":[110,110,0],"ix":1},"s":{"a":0,"k":[100,100,100],"ix":6}},"ao":0,"ip":0,"op":363,"st":0,"bm":0}]},{"id":"comp_2","layers":[{"ddd":0,"ind":1,"ty":2,"nm":"圣诞糖果_1.png","cl":"png","refId":"image_1","sr":1,"ks":{"o":{"a":0,"k":100,"ix":11},"r":{"a":0,"k":0,"ix":10},"p":{"a":0,"k":[110,110,0],"ix":2},"a":{"a":0,"k":[110,110,0],"ix":1},"s":{"a":0,"k":[100,100,100],"ix":6}},"ao":0,"ip":0,"op":363,"st":0,"bm":0}]},{"id":"comp_3","layers":[{"ddd":0,"ind":1,"ty":2,"nm":"3日发布.png","cl":"png","refId":"image_2","sr":1,"ks":{"o":{"a":0,"k":100,"ix":11},"r":{"a":0,"k":0,"ix":10},"p":{"a":0,"k":[110,110,0],"ix":2},"a":{"a":0,"k":[110,110,0],"ix":1},"s":{"a":0,"k":[100,100,100],"ix":6}},"ao":0,"ip":0,"op":363,"st":0,"bm":0}]},{"id":"comp_4","layers":[{"ddd":0,"ind":1,"ty":2,"nm":"圣诞树.png","cl":"png","refId":"image_3","sr":1,"ks":{"o":{"a":0,"k":100,"ix":11},"r":{"a":0,"k":0,"ix":10},"p":{"a":0,"k":[110,110,0],"ix":2},"a":{"a":0,"k":[110,110,0],"ix":1},"s":{"a":0,"k":[100,100,100],"ix":6}},"ao":0,"ip":0,"op":363,"st":0,"bm":0}]},{"id":"comp_5","layers":[{"ddd":0,"ind":1,"ty":2,"nm":"3.png","cl":"png","refId":"image_4","sr":1,"ks":{"o":{"a":0,"k":100,"ix":11},"r":{"a":0,"k":0,"ix":10},"p":{"a":0,"k":[110,110,0],"ix":2},"a":{"a":0,"k":[110,110,0],"ix":1},"s":{"a":0,"k":[100,100,100],"ix":6}},"ao":0,"ip":0,"op":363,"st":0,"bm":0}]},{"id":"comp_6","layers":[{"ddd":0,"ind":1,"ty":2,"nm":"圣诞袜子.png","cl":"png","refId":"image_5","sr":1,"ks":{"o":{"a":0,"k":100,"ix":11},"r":{"a":0,"k":0,"ix":10},"p":{"a":0,"k":[110,110,0],"ix":2},"a":{"a":0,"k":[110,110,0],"ix":1},"s":{"a":0,"k":[100,100,100],"ix":6}},"ao":0,"ip":0,"op":363,"st":0,"bm":0}]},{"id":"comp_7","layers":[{"ddd":0,"ind":1,"ty":0,"nm":"金色雪花","refId":"comp_1","sr":1,"ks":{"o":{"a":1,"k":[{"i":{"x":[0.833],"y":[7.548]},"o":{"x":[0.167],"y":[0]},"t":12,"s":[100],"e":[100]},{"i":{"x":[0.833],"y":[0.833]},"o":{"x":[0.167],"y":[0.101]},"t":23,"s":[100],"e":[0]},{"t":40}],"ix":11},"r":{"a":1,"k":[{"i":{"x":[0.833],"y":[0.833]},"o":{"x":[0.167],"y":[0.167]},"t":12,"s":[-37],"e":[59.979]},{"i":{"x":[0.833],"y":[0.833]},"o":{"x":[0.167],"y":[0.167]},"t":23,"s":[59.979],"e":[110]},{"t":40}],"ix":10},"p":{"a":1,"k":[{"i":{"x":0.84,"y":1},"o":{"x":0.247,"y":1},"t":12,"s":[-60,702,0],"e":[683,937,0],"to":[122.021,-433.777,0],"ti":[-84.33,-460.465,0]},{"t":40}],"ix":2},"a":{"a":0,"k":[110,110,0],"ix":1},"s":{"a":1,"k":[{"i":{"x":[0.566,0.566,0.566],"y":[0.882,0.882,1]},"o":{"x":[0.179,0.179,0.179],"y":[0.049,0.049,0]},"t":12,"s":[30,30,100],"e":[50,50,100]},{"i":{"x":[0.84,0.84,0.84],"y":[-0.598,-0.598,1]},"o":{"x":[0.388,0.388,0.388],"y":[3.879,3.879,0]},"t":18,"s":[50,50,100],"e":[50,50,100]},{"t":29}],"ix":6}},"ao":0,"w":220,"h":220,"ip":0,"op":363,"st":0,"bm":0},{"ddd":0,"ind":2,"ty":0,"nm":"金色雪花","refId":"comp_1","sr":1,"ks":{"o":{"a":1,"k":[{"i":{"x":[0.833],"y":[4.819]},"o":{"x":[0.167],"y":[0]},"t":12,"s":[100],"e":[100]},{"i":{"x":[0.833],"y":[0.833]},"o":{"x":[0.167],"y":[0.128]},"t":23,"s":[100],"e":[0]},{"t":60}],"ix":11},"r":{"a":1,"k":[{"i":{"x":[0.833],"y":[0.833]},"o":{"x":[0.167],"y":[0.167]},"t":12,"s":[-37],"e":[59.979]},{"i":{"x":[0.833],"y":[0.833]},"o":{"x":[0.167],"y":[0.167]},"t":23,"s":[59.979],"e":[110]},{"t":60}],"ix":10},"p":{"a":1,"k":[{"i":{"x":0.84,"y":1},"o":{"x":0.156,"y":1},"t":12,"s":[-60,702,0],"e":[691,347,0],"to":[-53.979,-507.777,0],"ti":[-244.33,-416.465,0]},{"t":60}],"ix":2},"a":{"a":0,"k":[110,110,0],"ix":1},"s":{"a":1,"k":[{"i":{"x":[0.566,0.566,0.566],"y":[0.882,0.882,1]},"o":{"x":[0.179,0.179,0.179],"y":[0.049,0.049,0]},"t":12,"s":[30,30,100],"e":[50,50,100]},{"i":{"x":[0.84,0.84,0.84],"y":[-0.598,-0.598,1]},"o":{"x":[0.388,0.388,0.388],"y":[3.879,3.879,0]},"t":18,"s":[50,50,100],"e":[50,50,100]},{"t":29}],"ix":6}},"ao":0,"w":220,"h":220,"ip":0,"op":363,"st":0,"bm":0},{"ddd":0,"ind":3,"ty":0,"nm":"金色雪花","refId":"comp_1","sr":1,"ks":{"o":{"a":1,"k":[{"i":{"x":[0.833],"y":[4.819]},"o":{"x":[0.167],"y":[0]},"t":12,"s":[100],"e":[100]},{"i":{"x":[0.833],"y":[0.833]},"o":{"x":[0.167],"y":[0.128]},"t":23,"s":[100],"e":[0]},{"t":60}],"ix":11},"r":{"a":1,"k":[{"i":{"x":[0.833],"y":[0.833]},"o":{"x":[0.167],"y":[0.167]},"t":12,"s":[-37],"e":[59.979]},{"i":{"x":[0.833],"y":[0.833]},"o":{"x":[0.167],"y":[0.167]},"t":23,"s":[59.979],"e":[110]},{"t":60}],"ix":10},"p":{"a":1,"k":[{"i":{"x":0.84,"y":1},"o":{"x":0.155,"y":1},"t":12,"s":[-52,700,0],"e":[527,1091,0],"to":[-27.979,-357.777,0],"ti":[-68.33,-846.465,0]},{"t":60}],"ix":2},"a":{"a":0,"k":[110,110,0],"ix":1},"s":{"a":1,"k":[{"i":{"x":[0.566,0.566,0.566],"y":[0.882,0.882,1]},"o":{"x":[0.179,0.179,0.179],"y":[0.049,0.049,0]},"t":12,"s":[30,30,100],"e":[50,50,100]},{"i":{"x":[0.84,0.84,0.84],"y":[-0.598,-0.598,1]},"o":{"x":[0.388,0.388,0.388],"y":[3.879,3.879,0]},"t":18,"s":[50,50,100],"e":[50,50,100]},{"t":29}],"ix":6}},"ao":0,"w":220,"h":220,"ip":0,"op":363,"st":0,"bm":0},{"ddd":0,"ind":4,"ty":0,"nm":"金色雪花","refId":"comp_1","sr":1,"ks":{"o":{"a":1,"k":[{"i":{"x":[0.833],"y":[4.819]},"o":{"x":[0.167],"y":[0]},"t":12,"s":[100],"e":[100]},{"i":{"x":[0.833],"y":[0.833]},"o":{"x":[0.167],"y":[0.128]},"t":23,"s":[100],"e":[0]},{"t":60}],"ix":11},"r":{"a":1,"k":[{"i":{"x":[0.833],"y":[0.833]},"o":{"x":[0.167],"y":[0.167]},"t":12,"s":[-37],"e":[59.979]},{"i":{"x":[0.833],"y":[0.833]},"o":{"x":[0.167],"y":[0.167]},"t":23,"s":[59.979],"e":[110]},{"t":60}],"ix":10},"p":{"a":1,"k":[{"i":{"x":0.84,"y":1},"o":{"x":0.101,"y":1},"t":12,"s":[-52,700,0],"e":[409,577,0],"to":[-27.979,-357.777,0],"ti":[-58.33,-324.465,0]},{"t":60}],"ix":2},"a":{"a":0,"k":[110,110,0],"ix":1},"s":{"a":1,"k":[{"i":{"x":[0.566,0.566,0.566],"y":[0.882,0.882,1]},"o":{"x":[0.179,0.179,0.179],"y":[0.049,0.049,0]},"t":12,"s":[30,30,100],"e":[50,50,100]},{"i":{"x":[0.84,0.84,0.84],"y":[-0.598,-0.598,1]},"o":{"x":[0.388,0.388,0.388],"y":[3.879,3.879,0]},"t":18,"s":[50,50,100],"e":[50,50,100]},{"t":29}],"ix":6}},"ao":0,"w":220,"h":220,"ip":0,"op":363,"st":0,"bm":0},{"ddd":0,"ind":5,"ty":0,"nm":"圣诞礼物","refId":"comp_8","sr":1,"ks":{"o":{"a":1,"k":[{"i":{"x":[0.833],"y":[4.819]},"o":{"x":[0.167],"y":[0]},"t":12,"s":[100],"e":[100]},{"i":{"x":[0.833],"y":[0.833]},"o":{"x":[0.167],"y":[0.128]},"t":23,"s":[100],"e":[0]},{"t":60}],"ix":11},"r":{"a":1,"k":[{"i":{"x":[0.833],"y":[0.833]},"o":{"x":[0.167],"y":[0.167]},"t":12,"s":[-37],"e":[22.979]},{"i":{"x":[0.833],"y":[0.833]},"o":{"x":[0.167],"y":[0.167]},"t":23,"s":[22.979],"e":[67]},{"t":60}],"ix":10},"p":{"a":1,"k":[{"i":{"x":0.84,"y":1},"o":{"x":0.163,"y":1},"t":12,"s":[-52,700,0],"e":[615,711,0],"to":[48.021,-433.777,0],"ti":[-14.33,-784.465,0]},{"t":60}],"ix":2},"a":{"a":0,"k":[110,110,0],"ix":1},"s":{"a":1,"k":[{"i":{"x":[0.566,0.566,0.566],"y":[0.921,0.921,1]},"o":{"x":[0.179,0.179,0.179],"y":[0.032,0.032,0]},"t":12,"s":[30,30,100],"e":[60,60,100]},{"i":{"x":[0.84,0.84,0.84],"y":[-0.598,-0.598,1]},"o":{"x":[0.388,0.388,0.388],"y":[3.879,3.879,0]},"t":18,"s":[60,60,100],"e":[60,60,100]},{"t":29}],"ix":6}},"ao":0,"w":220,"h":220,"ip":0,"op":363,"st":0,"bm":0},{"ddd":0,"ind":6,"ty":0,"nm":"圣诞鹿","refId":"comp_9","sr":1,"ks":{"o":{"a":1,"k":[{"i":{"x":[0.833],"y":[4.819]},"o":{"x":[0.167],"y":[0]},"t":12,"s":[100],"e":[100]},{"i":{"x":[0.833],"y":[0.833]},"o":{"x":[0.167],"y":[0.128]},"t":23,"s":[100],"e":[0]},{"t":60}],"ix":11},"r":{"a":1,"k":[{"i":{"x":[0.833],"y":[0.833]},"o":{"x":[0.167],"y":[0.167]},"t":12,"s":[-53],"e":[10.979]},{"i":{"x":[0.833],"y":[0.833]},"o":{"x":[0.167],"y":[0.167]},"t":23,"s":[10.979],"e":[25]},{"t":60}],"ix":10},"p":{"a":1,"k":[{"i":{"x":0.84,"y":1},"o":{"x":0.127,"y":1},"t":12,"s":[-58,664,0],"e":[425,1103,0],"to":[84,-312,0],"ti":[17.67,-408.465,0]},{"t":60}],"ix":2},"a":{"a":0,"k":[110,110,0],"ix":1},"s":{"a":1,"k":[{"i":{"x":[0.566,0.566,0.566],"y":[0.921,0.921,1]},"o":{"x":[0.179,0.179,0.179],"y":[0.032,0.032,0]},"t":12,"s":[30,30,100],"e":[60,60,100]},{"i":{"x":[0.84,0.84,0.84],"y":[-0.598,-0.598,1]},"o":{"x":[0.388,0.388,0.388],"y":[3.879,3.879,0]},"t":18,"s":[60,60,100],"e":[60,60,100]},{"t":29}],"ix":6}},"ao":0,"w":220,"h":220,"ip":0,"op":363,"st":0,"bm":0},{"ddd":0,"ind":7,"ty":0,"nm":"圣诞树","refId":"comp_4","sr":1,"ks":{"o":{"a":1,"k":[{"i":{"x":[0.833],"y":[4.819]},"o":{"x":[0.167],"y":[0]},"t":12,"s":[100],"e":[100]},{"i":{"x":[0.833],"y":[0.833]},"o":{"x":[0.167],"y":[0.128]},"t":23,"s":[100],"e":[0]},{"t":60}],"ix":11},"r":{"a":1,"k":[{"i":{"x":[0.833],"y":[0.833]},"o":{"x":[0.167],"y":[0.167]},"t":12,"s":[-37],"e":[22.979]},{"i":{"x":[0.833],"y":[0.833]},"o":{"x":[0.167],"y":[0.167]},"t":23,"s":[22.979],"e":[67]},{"t":60}],"ix":10},"p":{"a":1,"k":[{"i":{"x":0.605,"y":0.769},"o":{"x":0.266,"y":0.465},"t":12,"s":[-50,752,0],"e":[212.792,293.844,0],"to":[40.021,-245.777,0],"ti":[-116.512,44.086,0]},{"i":{"x":0.627,"y":0.676},"o":{"x":0.283,"y":0.346},"t":18,"s":[212.792,293.844,0],"e":[535.931,577.315,0],"to":[115.95,-43.873,0],"ti":[-81.083,-248.204,0]},{"i":{"x":0.84,"y":1},"o":{"x":0.37,"y":0.912},"t":29,"s":[535.931,577.315,0],"e":[615,1049,0],"to":[38.425,117.625,0],"ti":[-12.33,-198.465,0]},{"t":60}],"ix":2},"a":{"a":0,"k":[110,110,0],"ix":1},"s":{"a":1,"k":[{"i":{"x":[0.566,0.566,0.566],"y":[0.921,0.921,-15.559]},"o":{"x":[0.179,0.179,0.179],"y":[0.032,0.032,6.822]},"t":12,"s":[30,30,100],"e":[60,60,100]},{"i":{"x":[0.84,0.84,0.84],"y":[-0.598,-0.598,-10.186]},"o":{"x":[0.388,0.388,0.388],"y":[3.879,3.879,27.151]},"t":18,"s":[60,60,100],"e":[60,60,100]},{"t":29}],"ix":6}},"ao":0,"w":220,"h":220,"ip":0,"op":363,"st":0,"bm":0},{"ddd":0,"ind":8,"ty":0,"nm":"圣诞糖果","refId":"comp_10","sr":1,"ks":{"o":{"a":1,"k":[{"i":{"x":[0.833],"y":[4.819]},"o":{"x":[0.167],"y":[0]},"t":12,"s":[100],"e":[100]},{"i":{"x":[0.833],"y":[0.833]},"o":{"x":[0.167],"y":[0.128]},"t":23,"s":[100],"e":[0]},{"t":60}],"ix":11},"r":{"a":1,"k":[{"i":{"x":[0.833],"y":[0.833]},"o":{"x":[0.167],"y":[0.167]},"t":12,"s":[-37],"e":[22.979]},{"i":{"x":[0.833],"y":[0.833]},"o":{"x":[0.167],"y":[0.167]},"t":23,"s":[22.979],"e":[67]},{"t":60}],"ix":10},"p":{"a":1,"k":[{"i":{"x":0.84,"y":1},"o":{"x":0.152,"y":1},"t":12,"s":[-52,700,0],"e":[613,555,0],"to":[-43.979,-437.777,0],"ti":[-212.33,-626.465,0]},{"t":60}],"ix":2},"a":{"a":0,"k":[110,110,0],"ix":1},"s":{"a":1,"k":[{"i":{"x":[0.566,0.566,0.566],"y":[0.921,0.921,1]},"o":{"x":[0.179,0.179,0.179],"y":[0.032,0.032,0]},"t":12,"s":[30,30,100],"e":[60,60,100]},{"i":{"x":[0.84,0.84,0.84],"y":[-0.598,-0.598,1]},"o":{"x":[0.388,0.388,0.388],"y":[3.879,3.879,0]},"t":18,"s":[60,60,100],"e":[60,60,100]},{"t":29}],"ix":6}},"ao":0,"w":220,"h":220,"ip":0,"op":363,"st":0,"bm":0},{"ddd":0,"ind":9,"ty":0,"nm":"圣诞袜子","refId":"comp_6","sr":1,"ks":{"o":{"a":1,"k":[{"i":{"x":[0.833],"y":[4.819]},"o":{"x":[0.167],"y":[0]},"t":12,"s":[100],"e":[100]},{"i":{"x":[0.833],"y":[0.833]},"o":{"x":[0.167],"y":[0.128]},"t":23,"s":[100],"e":[0]},{"t":60}],"ix":11},"r":{"a":1,"k":[{"i":{"x":[0.833],"y":[0.833]},"o":{"x":[0.167],"y":[0.167]},"t":12,"s":[-37],"e":[22.979]},{"i":{"x":[0.833],"y":[0.833]},"o":{"x":[0.167],"y":[0.167]},"t":23,"s":[22.979],"e":[67]},{"t":60}],"ix":10},"p":{"a":1,"k":[{"i":{"x":0.84,"y":1},"o":{"x":0.112,"y":1},"t":12,"s":[-52,700,0],"e":[441,771,0],"to":[12.021,-381.777,0],"ti":[-36.33,-426.465,0]},{"t":60}],"ix":2},"a":{"a":0,"k":[110,110,0],"ix":1},"s":{"a":1,"k":[{"i":{"x":[0.566,0.566,0.566],"y":[0.941,0.941,1]},"o":{"x":[0.179,0.179,0.179],"y":[0.024,0.024,0]},"t":12,"s":[30,30,100],"e":[70,70,100]},{"i":{"x":[0.84,0.84,0.84],"y":[-0.598,-0.598,1]},"o":{"x":[0.388,0.388,0.388],"y":[3.879,3.879,0]},"t":18,"s":[70,70,100],"e":[70,70,100]},{"t":29}],"ix":6}},"ao":0,"w":220,"h":220,"ip":0,"op":363,"st":0,"bm":0},{"ddd":0,"ind":10,"ty":2,"nm":"彩带.png","cl":"png","refId":"image_6","sr":1,"ks":{"o":{"a":1,"k":[{"i":{"x":[0.667],"y":[1]},"o":{"x":[0.333],"y":[0]},"t":12,"s":[100],"e":[100]},{"i":{"x":[0.667],"y":[1]},"o":{"x":[0.333],"y":[0]},"t":21,"s":[100],"e":[100]},{"i":{"x":[0.667],"y":[1]},"o":{"x":[0.333],"y":[0]},"t":23,"s":[100],"e":[0]},{"t":60}],"ix":11},"r":{"a":1,"k":[{"i":{"x":[0.667],"y":[1]},"o":{"x":[0.333],"y":[0]},"t":12,"s":[-181],"e":[121]},{"t":60}],"ix":10},"p":{"a":1,"k":[{"i":{"x":0.562,"y":0.744},"o":{"x":0.191,"y":0.221},"t":12,"s":[-70,650.818,0],"e":[56.519,466.25,0],"to":[-5.448,-74.775,0],"ti":[-72.625,-10.754,0]},{"i":{"x":0.843,"y":1},"o":{"x":0.361,"y":0.723},"t":20.25,"s":[56.519,466.25,0],"e":[195.97,755.182,0],"to":[149.447,22.13,0],"ti":[-3.731,-9.195,0]},{"t":60}],"ix":2},"a":{"a":0,"k":[50,50,0],"ix":1},"s":{"a":1,"k":[{"i":{"x":[0.667,0.667,0.667],"y":[1,1,1]},"o":{"x":[0.333,0.333,0.333],"y":[0,0,0]},"t":12,"s":[0,0,100],"e":[64,64,100]},{"i":{"x":[0.833,0.833,0.833],"y":[1,1,1]},"o":{"x":[0.333,0.333,0.333],"y":[0,0,0]},"t":21,"s":[64,64,100],"e":[20,20,100]},{"t":60}],"ix":6}},"ao":0,"ip":0,"op":288,"st":0,"bm":0},{"ddd":0,"ind":11,"ty":2,"nm":"彩带3.png","cl":"png","refId":"image_7","sr":1,"ks":{"o":{"a":1,"k":[{"i":{"x":[0.667],"y":[1]},"o":{"x":[0.333],"y":[0]},"t":12,"s":[100],"e":[100]},{"i":{"x":[0.667],"y":[1]},"o":{"x":[0.333],"y":[0]},"t":21,"s":[100],"e":[100]},{"i":{"x":[0.667],"y":[1]},"o":{"x":[0.333],"y":[0]},"t":23,"s":[100],"e":[0]},{"t":60}],"ix":11},"r":{"a":1,"k":[{"i":{"x":[0.667],"y":[1]},"o":{"x":[0.333],"y":[0]},"t":12,"s":[-181],"e":[121]},{"t":60}],"ix":10},"p":{"a":1,"k":[{"i":{"x":0.562,"y":0.855},"o":{"x":0.191,"y":0.125},"t":12,"s":[-76.727,694.818,0],"e":[85.017,312.859,0],"to":[-7.903,-94.047,0],"ti":[-150.983,76.859,0]},{"i":{"x":0.843,"y":1},"o":{"x":0.361,"y":0.902},"t":20.25,"s":[85.017,312.859,0],"e":[342,321,0],"to":[150.983,-76.859,0],"ti":[-46,-44,0]},{"t":60}],"ix":2},"a":{"a":0,"k":[50,50,0],"ix":1},"s":{"a":1,"k":[{"i":{"x":[0.667,0.667,0.667],"y":[1,1,1]},"o":{"x":[0.333,0.333,0.333],"y":[0,0,0]},"t":12,"s":[0,0,100],"e":[89,89,100]},{"i":{"x":[0.833,0.833,0.833],"y":[1,1,1]},"o":{"x":[0.333,0.333,0.333],"y":[0,0,0]},"t":21,"s":[89,89,100],"e":[20,20,100]},{"t":60}],"ix":6}},"ao":0,"ip":0,"op":288,"st":0,"bm":0},{"ddd":0,"ind":12,"ty":2,"nm":"彩带3.png","cl":"png","refId":"image_7","sr":1,"ks":{"o":{"a":1,"k":[{"i":{"x":[0.667],"y":[1]},"o":{"x":[0.333],"y":[0]},"t":12,"s":[100],"e":[100]},{"i":{"x":[0.667],"y":[1]},"o":{"x":[0.333],"y":[0]},"t":21,"s":[100],"e":[100]},{"i":{"x":[0.667],"y":[1]},"o":{"x":[0.333],"y":[0]},"t":23,"s":[100],"e":[0]},{"t":60}],"ix":11},"r":{"a":1,"k":[{"i":{"x":[0.667],"y":[1]},"o":{"x":[0.333],"y":[0]},"t":12,"s":[-181],"e":[121]},{"t":60}],"ix":10},"p":{"a":1,"k":[{"i":{"x":0.562,"y":0.802},"o":{"x":0.191,"y":0.171},"t":12,"s":[-78.727,742.818,0],"e":[139.878,575.394,0],"to":[-18.903,-38.047,0],"ti":[-146.034,-49.697,0]},{"i":{"x":0.843,"y":1},"o":{"x":0.361,"y":0.579},"t":20.25,"s":[139.878,575.394,0],"e":[326,926,0],"to":[208.206,70.855,0],"ti":[11.818,-63.818,0]},{"t":60}],"ix":2},"a":{"a":0,"k":[50,50,0],"ix":1},"s":{"a":1,"k":[{"i":{"x":[0.667,0.667,0.667],"y":[1,1,1]},"o":{"x":[0.333,0.333,0.333],"y":[0,0,0]},"t":12,"s":[0,0,100],"e":[76,76,100]},{"i":{"x":[0.833,0.833,0.833],"y":[1,1,1]},"o":{"x":[0.333,0.333,0.333],"y":[0,0,0]},"t":21,"s":[76,76,100],"e":[20,20,100]},{"t":60}],"ix":6}},"ao":0,"ip":0,"op":288,"st":0,"bm":0},{"ddd":0,"ind":13,"ty":2,"nm":"彩带黄色.ai","cl":"ai","refId":"image_8","sr":1,"ks":{"o":{"a":1,"k":[{"i":{"x":[0.667],"y":[1]},"o":{"x":[0.333],"y":[0]},"t":12,"s":[100],"e":[100]},{"i":{"x":[0.667],"y":[1]},"o":{"x":[0.333],"y":[0]},"t":21,"s":[100],"e":[100]},{"i":{"x":[0.667],"y":[1]},"o":{"x":[0.333],"y":[0]},"t":23,"s":[100],"e":[0]},{"t":60}],"ix":11},"r":{"a":1,"k":[{"i":{"x":[0.667],"y":[1]},"o":{"x":[0.333],"y":[0]},"t":12,"s":[-181],"e":[208]},{"t":60}],"ix":10},"p":{"a":1,"k":[{"i":{"x":0.562,"y":0.822},"o":{"x":0.191,"y":0.154},"t":12,"s":[-52,720.636,0],"e":[118.336,422,0],"to":[-1.448,-81.775,0],"ti":[-58.249,5.885,0]},{"i":{"x":0.843,"y":1},"o":{"x":0.361,"y":0.721},"t":20.25,"s":[118.336,422,0],"e":[332.455,628.455,0],"to":[227.664,-23,0],"ti":[2.545,-14.455,0]},{"t":60}],"ix":2},"a":{"a":0,"k":[39.5,47.5,0],"ix":1},"s":{"a":1,"k":[{"i":{"x":[0.667,0.667,0.667],"y":[1,1,1]},"o":{"x":[0.333,0.333,0.333],"y":[0,0,0]},"t":12,"s":[0,0,100],"e":[54,54,100]},{"i":{"x":[0.833,0.833,0.833],"y":[1,1,1]},"o":{"x":[0.333,0.333,0.333],"y":[0,0,0]},"t":21,"s":[54,54,100],"e":[20,20,100]},{"t":60}],"ix":6}},"ao":0,"ip":0,"op":288,"st":0,"bm":0},{"ddd":0,"ind":14,"ty":2,"nm":"彩带黄色.ai","cl":"ai","refId":"image_8","sr":1,"ks":{"o":{"a":1,"k":[{"i":{"x":[0.667],"y":[1]},"o":{"x":[0.333],"y":[0]},"t":12,"s":[100],"e":[100]},{"i":{"x":[0.667],"y":[1]},"o":{"x":[0.333],"y":[0]},"t":21,"s":[100],"e":[100]},{"i":{"x":[0.667],"y":[1]},"o":{"x":[0.333],"y":[0]},"t":23,"s":[100],"e":[0]},{"t":60}],"ix":11},"r":{"a":1,"k":[{"i":{"x":[0.667],"y":[1]},"o":{"x":[0.333],"y":[0]},"t":12,"s":[-181],"e":[121]},{"t":60}],"ix":10},"p":{"a":1,"k":[{"i":{"x":0.562,"y":0.723},"o":{"x":0.191,"y":0.24},"t":12,"s":[-105.273,778.636,0],"e":[47.696,644.849,0],"to":[12.552,-98.775,0],"ti":[-64.772,-13.568,0]},{"i":{"x":0.843,"y":1},"o":{"x":0.361,"y":0.603},"t":20.25,"s":[47.696,644.849,0],"e":[173.455,1011.455,0],"to":[159.713,33.456,0],"ti":[-3.731,-9.195,0]},{"t":60}],"ix":2},"a":{"a":0,"k":[39.5,47.5,0],"ix":1},"s":{"a":1,"k":[{"i":{"x":[0.667,0.667,0.667],"y":[1,1,1]},"o":{"x":[0.333,0.333,0.333],"y":[0,0,0]},"t":12,"s":[0,0,100],"e":[67,67,100]},{"i":{"x":[0.833,0.833,0.833],"y":[1,1,1]},"o":{"x":[0.333,0.333,0.333],"y":[0,0,0]},"t":21,"s":[67,67,100],"e":[20,20,100]},{"t":60}],"ix":6}},"ao":0,"ip":0,"op":288,"st":0,"bm":0},{"ddd":0,"ind":15,"ty":4,"nm":"形状图层 13","sr":1,"ks":{"o":{"a":1,"k":[{"i":{"x":[0.667],"y":[1]},"o":{"x":[0.333],"y":[0]},"t":12,"s":[100],"e":[100]},{"i":{"x":[0.667],"y":[1]},"o":{"x":[0.333],"y":[0]},"t":21,"s":[100],"e":[100]},{"i":{"x":[0.667],"y":[1]},"o":{"x":[0.333],"y":[0]},"t":23,"s":[100],"e":[0]},{"t":60}],"ix":11},"r":{"a":0,"k":-181,"ix":10},"p":{"a":1,"k":[{"i":{"x":0.562,"y":0.834},"o":{"x":0.191,"y":0.144},"t":12,"s":[-66,702.818,0],"e":[106.677,354.852,0],"to":[-6,-40.818,0],"ti":[-161.323,46.852,0]},{"i":{"x":0.843,"y":1},"o":{"x":0.361,"y":0.61},"t":21,"s":[106.677,354.852,0],"e":[332.455,628.455,0],"to":[161.323,-46.852,0],"ti":[16,-46.761,0]},{"t":60}],"ix":2},"a":{"a":0,"k":[0,0,0],"ix":1},"s":{"a":1,"k":[{"i":{"x":[0.667,0.667,0.667],"y":[1,1,1]},"o":{"x":[0.333,0.333,0.333],"y":[0,0,0]},"t":12,"s":[0,0,100],"e":[50,50,100]},{"t":21}],"ix":6}},"ao":0,"shapes":[{"ty":"gr","it":[{"d":1,"ty":"el","s":{"a":0,"k":[20,20],"ix":2},"p":{"a":0,"k":[0,0],"ix":3},"nm":"椭圆路径 1","mn":"ADBE Vector Shape - Ellipse","hd":false},{"ty":"tr","p":{"a":0,"k":[0,0],"ix":2},"a":{"a":0,"k":[0,0],"ix":1},"s":{"a":0,"k":[100,100],"ix":3},"r":{"a":0,"k":0,"ix":6},"o":{"a":0,"k":100,"ix":7},"sk":{"a":0,"k":0,"ix":4},"sa":{"a":0,"k":0,"ix":5},"nm":"变换"}],"nm":"椭圆 1","np":2,"cix":2,"bm":0,"ix":1,"mn":"ADBE Vector Group","hd":false},{"ty":"fl","c":{"a":0,"k":[0.572549045086,0.886274516582,0.847058832645,1],"ix":4},"o":{"a":0,"k":50,"ix":5},"r":1,"bm":0,"nm":"填充 1","mn":"ADBE Vector Graphic - Fill","hd":false}],"ip":0,"op":288,"st":0,"bm":0},{"ddd":0,"ind":16,"ty":4,"nm":"形状图层 12","sr":1,"ks":{"o":{"a":1,"k":[{"i":{"x":[0.667],"y":[1]},"o":{"x":[0.333],"y":[0]},"t":12,"s":[100],"e":[100]},{"i":{"x":[0.667],"y":[1]},"o":{"x":[0.333],"y":[0]},"t":21,"s":[100],"e":[100]},{"i":{"x":[0.667],"y":[1]},"o":{"x":[0.333],"y":[0]},"t":23,"s":[100],"e":[0]},{"t":60}],"ix":11},"r":{"a":0,"k":-181,"ix":10},"p":{"a":1,"k":[{"i":{"x":0.562,"y":0.823},"o":{"x":0.191,"y":0.153},"t":12,"s":[-40,595.818,0],"e":[55.421,223.992,0],"to":[0,0,0],"ti":[-110.323,145.852,0]},{"i":{"x":0.843,"y":1},"o":{"x":0.361,"y":0.622},"t":21,"s":[55.421,223.992,0],"e":[338.816,333.672,0],"to":[110.323,-145.852,0],"ti":[-52,-116.761,0]},{"t":59}],"ix":2},"a":{"a":0,"k":[0,0,0],"ix":1},"s":{"a":1,"k":[{"i":{"x":[0.667,0.667,0.667],"y":[1,1,1]},"o":{"x":[0.333,0.333,0.333],"y":[0,0,0]},"t":12,"s":[0,0,100],"e":[50,50,100]},{"t":21}],"ix":6}},"ao":0,"shapes":[{"ty":"gr","it":[{"d":1,"ty":"el","s":{"a":0,"k":[20,20],"ix":2},"p":{"a":0,"k":[0,0],"ix":3},"nm":"椭圆路径 1","mn":"ADBE Vector Shape - Ellipse","hd":false},{"ty":"tr","p":{"a":0,"k":[0,0],"ix":2},"a":{"a":0,"k":[0,0],"ix":1},"s":{"a":0,"k":[100,100],"ix":3},"r":{"a":0,"k":0,"ix":6},"o":{"a":0,"k":100,"ix":7},"sk":{"a":0,"k":0,"ix":4},"sa":{"a":0,"k":0,"ix":5},"nm":"变换"}],"nm":"椭圆 1","np":2,"cix":2,"bm":0,"ix":1,"mn":"ADBE Vector Group","hd":false},{"ty":"fl","c":{"a":0,"k":[0.572549045086,0.886274516582,0.847058832645,1],"ix":4},"o":{"a":0,"k":50,"ix":5},"r":1,"bm":0,"nm":"填充 1","mn":"ADBE Vector Graphic - Fill","hd":false}],"ip":0,"op":288,"st":0,"bm":0},{"ddd":0,"ind":17,"ty":4,"nm":"形状图层 11","sr":1,"ks":{"o":{"a":1,"k":[{"i":{"x":[0.667],"y":[1]},"o":{"x":[0.333],"y":[0]},"t":12,"s":[100],"e":[100]},{"i":{"x":[0.667],"y":[1]},"o":{"x":[0.333],"y":[0]},"t":21,"s":[100],"e":[100]},{"i":{"x":[0.667],"y":[1]},"o":{"x":[0.333],"y":[0]},"t":23,"s":[100],"e":[0]},{"t":60}],"ix":11},"r":{"a":0,"k":-181,"ix":10},"p":{"a":1,"k":[{"i":{"x":0.562,"y":0.813},"o":{"x":0.191,"y":0.162},"t":12,"s":[-77.86,690.355,0],"e":[70.863,361.576,0],"to":[9.552,-30.775,0],"ti":[-33.355,-26.798,0]},{"i":{"x":0.843,"y":1},"o":{"x":0.361,"y":0.529},"t":21,"s":[70.863,361.576,0],"e":[50.1,824.639,0],"to":[33.355,26.798,0],"ti":[3,-37.761,0]},{"t":60}],"ix":2},"a":{"a":0,"k":[0,0,0],"ix":1},"s":{"a":1,"k":[{"i":{"x":[0.667,0.667,0.667],"y":[1,1,1]},"o":{"x":[0.333,0.333,0.333],"y":[0,0,0]},"t":12,"s":[0,0,100],"e":[50,50,100]},{"t":21}],"ix":6}},"ao":0,"shapes":[{"ty":"gr","it":[{"d":1,"ty":"el","s":{"a":0,"k":[20,20],"ix":2},"p":{"a":0,"k":[0,0],"ix":3},"nm":"椭圆路径 1","mn":"ADBE Vector Shape - Ellipse","hd":false},{"ty":"tr","p":{"a":0,"k":[0,0],"ix":2},"a":{"a":0,"k":[0,0],"ix":1},"s":{"a":0,"k":[100,100],"ix":3},"r":{"a":0,"k":0,"ix":6},"o":{"a":0,"k":100,"ix":7},"sk":{"a":0,"k":0,"ix":4},"sa":{"a":0,"k":0,"ix":5},"nm":"变换"}],"nm":"椭圆 1","np":2,"cix":2,"bm":0,"ix":1,"mn":"ADBE Vector Group","hd":false},{"ty":"fl","c":{"a":0,"k":[0.980392158031,0.054901961237,0.137254908681,1],"ix":4},"o":{"a":0,"k":50,"ix":5},"r":1,"bm":0,"nm":"填充 1","mn":"ADBE Vector Graphic - Fill","hd":false}],"ip":0,"op":288,"st":0,"bm":0},{"ddd":0,"ind":18,"ty":4,"nm":"形状图层 10","sr":1,"ks":{"o":{"a":1,"k":[{"i":{"x":[0.667],"y":[1]},"o":{"x":[0.333],"y":[0]},"t":12,"s":[100],"e":[100]},{"i":{"x":[0.667],"y":[1]},"o":{"x":[0.333],"y":[0]},"t":21,"s":[100],"e":[100]},{"i":{"x":[0.667],"y":[1]},"o":{"x":[0.333],"y":[0]},"t":23,"s":[100],"e":[0]},{"t":60}],"ix":11},"r":{"a":0,"k":-181,"ix":10},"p":{"a":1,"k":[{"i":{"x":0.562,"y":0.856},"o":{"x":0.191,"y":0.124},"t":12,"s":[-64.495,617.785,0],"e":[126.227,200.954,0],"to":[9.552,-30.775,0],"ti":[-171.773,58.954,0]},{"i":{"x":0.843,"y":1},"o":{"x":0.361,"y":0.853},"t":21,"s":[126.227,200.954,0],"e":[347.15,312.428,0],"to":[171.773,-58.954,0],"ti":[-6.692,-42.261,0]},{"t":60}],"ix":2},"a":{"a":0,"k":[0,0,0],"ix":1},"s":{"a":1,"k":[{"i":{"x":[0.667,0.667,0.667],"y":[1,1,1]},"o":{"x":[0.333,0.333,0.333],"y":[0,0,0]},"t":12,"s":[0,0,100],"e":[50,50,100]},{"t":21}],"ix":6}},"ao":0,"shapes":[{"ty":"gr","it":[{"d":1,"ty":"el","s":{"a":0,"k":[20,20],"ix":2},"p":{"a":0,"k":[0,0],"ix":3},"nm":"椭圆路径 1","mn":"ADBE Vector Shape - Ellipse","hd":false},{"ty":"tr","p":{"a":0,"k":[0,0],"ix":2},"a":{"a":0,"k":[0,0],"ix":1},"s":{"a":0,"k":[100,100],"ix":3},"r":{"a":0,"k":0,"ix":6},"o":{"a":0,"k":100,"ix":7},"sk":{"a":0,"k":0,"ix":4},"sa":{"a":0,"k":0,"ix":5},"nm":"变换"}],"nm":"椭圆 1","np":2,"cix":2,"bm":0,"ix":1,"mn":"ADBE Vector Group","hd":false},{"ty":"fl","c":{"a":0,"k":[0.980392158031,0.054901961237,0.137254908681,1],"ix":4},"o":{"a":0,"k":50,"ix":5},"r":1,"bm":0,"nm":"填充 1","mn":"ADBE Vector Graphic - Fill","hd":false}],"ip":0,"op":288,"st":0,"bm":0},{"ddd":0,"ind":19,"ty":4,"nm":"形状图层 9","sr":1,"ks":{"o":{"a":1,"k":[{"i":{"x":[0.667],"y":[1]},"o":{"x":[0.333],"y":[0]},"t":12,"s":[100],"e":[100]},{"i":{"x":[0.667],"y":[1]},"o":{"x":[0.333],"y":[0]},"t":21,"s":[100],"e":[100]},{"i":{"x":[0.667],"y":[1]},"o":{"x":[0.333],"y":[0]},"t":23,"s":[100],"e":[0]},{"t":60}],"ix":11},"r":{"a":0,"k":-181,"ix":10},"p":{"a":1,"k":[{"i":{"x":0.562,"y":0.797},"o":{"x":0.191,"y":0.176},"t":12,"s":[-56,671.818,0],"e":[75.949,366.488,0],"to":[9.552,-30.775,0],"ti":[-122.051,112.488,0]},{"i":{"x":0.843,"y":1},"o":{"x":0.361,"y":0.686},"t":21,"s":[75.949,366.488,0],"e":[383.692,399.761,0],"to":[122.051,-112.488,0],"ti":[-63.692,-95.761,0]},{"t":60}],"ix":2},"a":{"a":0,"k":[0,0,0],"ix":1},"s":{"a":1,"k":[{"i":{"x":[0.667,0.667,0.667],"y":[1,1,1]},"o":{"x":[0.333,0.333,0.333],"y":[0,0,0]},"t":12,"s":[0,0,100],"e":[50,50,100]},{"t":21}],"ix":6}},"ao":0,"shapes":[{"ty":"gr","it":[{"d":1,"ty":"el","s":{"a":0,"k":[20,20],"ix":2},"p":{"a":0,"k":[0,0],"ix":3},"nm":"椭圆路径 1","mn":"ADBE Vector Shape - Ellipse","hd":false},{"ty":"tr","p":{"a":0,"k":[0,0],"ix":2},"a":{"a":0,"k":[0,0],"ix":1},"s":{"a":0,"k":[100,100],"ix":3},"r":{"a":0,"k":0,"ix":6},"o":{"a":0,"k":100,"ix":7},"sk":{"a":0,"k":0,"ix":4},"sa":{"a":0,"k":0,"ix":5},"nm":"变换"}],"nm":"椭圆 1","np":2,"cix":2,"bm":0,"ix":1,"mn":"ADBE Vector Group","hd":false},{"ty":"fl","c":{"a":0,"k":[0.960784316063,0.784313738346,0.223529413342,1],"ix":4},"o":{"a":0,"k":50,"ix":5},"r":1,"bm":0,"nm":"填充 1","mn":"ADBE Vector Graphic - Fill","hd":false}],"ip":0,"op":288,"st":0,"bm":0},{"ddd":0,"ind":20,"ty":4,"nm":"形状图层 8","sr":1,"ks":{"o":{"a":1,"k":[{"i":{"x":[0.667],"y":[1]},"o":{"x":[0.333],"y":[0]},"t":12,"s":[100],"e":[100]},{"i":{"x":[0.667],"y":[1]},"o":{"x":[0.333],"y":[0]},"t":21,"s":[100],"e":[100]},{"i":{"x":[0.667],"y":[1]},"o":{"x":[0.333],"y":[0]},"t":23,"s":[100],"e":[0]},{"t":60}],"ix":11},"r":{"a":0,"k":-181,"ix":10},"p":{"a":1,"k":[{"i":{"x":0.562,"y":0.791},"o":{"x":0.191,"y":0.181},"t":12,"s":[-62,676.818,0],"e":[139.118,479.78,0],"to":[11.552,-64.775,0],"ti":[-126.882,7.78,0]},{"i":{"x":0.843,"y":1},"o":{"x":0.361,"y":0.729},"t":20.25,"s":[139.118,479.78,0],"e":[386.882,691.095,0],"to":[126.882,-7.78,0],"ti":[-29.913,-72.001,0]},{"t":60}],"ix":2},"a":{"a":0,"k":[0,0,0],"ix":1},"s":{"a":1,"k":[{"i":{"x":[0.667,0.667,0.667],"y":[1,1,1]},"o":{"x":[0.333,0.333,0.333],"y":[0,0,0]},"t":12,"s":[0,0,100],"e":[50,50,100]},{"t":21}],"ix":6}},"ao":0,"shapes":[{"ty":"gr","it":[{"d":1,"ty":"el","s":{"a":0,"k":[20,20],"ix":2},"p":{"a":0,"k":[0,0],"ix":3},"nm":"椭圆路径 1","mn":"ADBE Vector Shape - Ellipse","hd":false},{"ty":"tr","p":{"a":0,"k":[0,0],"ix":2},"a":{"a":0,"k":[0,0],"ix":1},"s":{"a":0,"k":[100,100],"ix":3},"r":{"a":0,"k":0,"ix":6},"o":{"a":0,"k":100,"ix":7},"sk":{"a":0,"k":0,"ix":4},"sa":{"a":0,"k":0,"ix":5},"nm":"变换"}],"nm":"椭圆 1","np":2,"cix":2,"bm":0,"ix":1,"mn":"ADBE Vector Group","hd":false},{"ty":"fl","c":{"a":0,"k":[0.960784316063,0.784313738346,0.223529413342,1],"ix":4},"o":{"a":0,"k":50,"ix":5},"r":1,"bm":0,"nm":"填充 1","mn":"ADBE Vector Graphic - Fill","hd":false}],"ip":0,"op":288,"st":0,"bm":0},{"ddd":0,"ind":21,"ty":4,"nm":"形状图层 7","sr":1,"ks":{"o":{"a":1,"k":[{"i":{"x":[0.667],"y":[1]},"o":{"x":[0.333],"y":[0]},"t":12,"s":[100],"e":[100]},{"i":{"x":[0.667],"y":[1]},"o":{"x":[0.333],"y":[0]},"t":21,"s":[100],"e":[100]},{"i":{"x":[0.667],"y":[1]},"o":{"x":[0.333],"y":[0]},"t":23,"s":[100],"e":[0]},{"t":60}],"ix":11},"r":{"a":0,"k":-181,"ix":10},"p":{"a":1,"k":[{"i":{"x":0.562,"y":0.799},"o":{"x":0.191,"y":0.174},"t":12,"s":[-25.645,680.14,0],"e":[113.435,422.086,0],"to":[4.552,-77.775,0],"ti":[-114.565,24.086,0]},{"i":{"x":0.843,"y":1},"o":{"x":0.361,"y":0.589},"t":20.25,"s":[113.435,422.086,0],"e":[271.97,784.182,0],"to":[114.565,-24.086,0],"ti":[13.03,-43.182,0]},{"t":60}],"ix":2},"a":{"a":0,"k":[0,0,0],"ix":1},"s":{"a":1,"k":[{"i":{"x":[0.667,0.667,0.667],"y":[1,1,1]},"o":{"x":[0.333,0.333,0.333],"y":[0,0,0]},"t":12,"s":[0,0,100],"e":[50,50,100]},{"t":21}],"ix":6}},"ao":0,"shapes":[{"ty":"gr","it":[{"d":1,"ty":"el","s":{"a":0,"k":[20,20],"ix":2},"p":{"a":0,"k":[0,0],"ix":3},"nm":"椭圆路径 1","mn":"ADBE Vector Shape - Ellipse","hd":false},{"ty":"tr","p":{"a":0,"k":[0,0],"ix":2},"a":{"a":0,"k":[0,0],"ix":1},"s":{"a":0,"k":[100,100],"ix":3},"r":{"a":0,"k":0,"ix":6},"o":{"a":0,"k":100,"ix":7},"sk":{"a":0,"k":0,"ix":4},"sa":{"a":0,"k":0,"ix":5},"nm":"变换"}],"nm":"椭圆 1","np":2,"cix":2,"bm":0,"ix":1,"mn":"ADBE Vector Group","hd":false},{"ty":"fl","c":{"a":0,"k":[0.960784316063,0.784313738346,0.223529413342,1],"ix":4},"o":{"a":0,"k":50,"ix":5},"r":1,"bm":0,"nm":"填充 1","mn":"ADBE Vector Graphic - Fill","hd":false}],"ip":0,"op":288,"st":0,"bm":0},{"ddd":0,"ind":22,"ty":4,"nm":"形状图层 6","sr":1,"ks":{"o":{"a":1,"k":[{"i":{"x":[0.667],"y":[1]},"o":{"x":[0.333],"y":[0]},"t":12,"s":[100],"e":[100]},{"i":{"x":[0.667],"y":[1]},"o":{"x":[0.333],"y":[0]},"t":21,"s":[100],"e":[100]},{"i":{"x":[0.667],"y":[1]},"o":{"x":[0.333],"y":[0]},"t":23,"s":[100],"e":[0]},{"t":60}],"ix":11},"r":{"a":0,"k":-181,"ix":10},"p":{"a":1,"k":[{"i":{"x":0.562,"y":0.719},"o":{"x":0.191,"y":0.243},"t":12,"s":[-46,718.818,0],"e":[83.087,566.372,0],"to":[22.552,-55.775,0],"ti":[-98.232,-21.624,0]},{"i":{"x":0.843,"y":1},"o":{"x":0.361,"y":0.672},"t":20.25,"s":[83.087,566.372,0],"e":[171.97,913.182,0],"to":[98.232,21.624,0],"ti":[-7.97,-40.182,0]},{"t":60}],"ix":2},"a":{"a":0,"k":[0,0,0],"ix":1},"s":{"a":1,"k":[{"i":{"x":[0.667,0.667,0.667],"y":[1,1,1]},"o":{"x":[0.333,0.333,0.333],"y":[0,0,0]},"t":12,"s":[0,0,100],"e":[50,50,100]},{"t":21}],"ix":6}},"ao":0,"shapes":[{"ty":"gr","it":[{"d":1,"ty":"el","s":{"a":0,"k":[20,20],"ix":2},"p":{"a":0,"k":[0,0],"ix":3},"nm":"椭圆路径 1","mn":"ADBE Vector Shape - Ellipse","hd":false},{"ty":"tr","p":{"a":0,"k":[0,0],"ix":2},"a":{"a":0,"k":[0,0],"ix":1},"s":{"a":0,"k":[100,100],"ix":3},"r":{"a":0,"k":0,"ix":6},"o":{"a":0,"k":100,"ix":7},"sk":{"a":0,"k":0,"ix":4},"sa":{"a":0,"k":0,"ix":5},"nm":"变换"}],"nm":"椭圆 1","np":2,"cix":2,"bm":0,"ix":1,"mn":"ADBE Vector Group","hd":false},{"ty":"fl","c":{"a":0,"k":[0.980392158031,0.054901961237,0.137254908681,1],"ix":4},"o":{"a":0,"k":100,"ix":5},"r":1,"bm":0,"nm":"填充 1","mn":"ADBE Vector Graphic - Fill","hd":false}],"ip":0,"op":288,"st":0,"bm":0},{"ddd":0,"ind":23,"ty":4,"nm":"形状图层 5","sr":1,"ks":{"o":{"a":1,"k":[{"i":{"x":[0.667],"y":[1]},"o":{"x":[0.333],"y":[0]},"t":12,"s":[100],"e":[100]},{"i":{"x":[0.667],"y":[1]},"o":{"x":[0.333],"y":[0]},"t":21,"s":[100],"e":[100]},{"i":{"x":[0.667],"y":[1]},"o":{"x":[0.333],"y":[0]},"t":23,"s":[100],"e":[0]},{"t":60}],"ix":11},"r":{"a":0,"k":-181,"ix":10},"p":{"a":1,"k":[{"i":{"x":0.562,"y":0.852},"o":{"x":0.191,"y":0.128},"t":12,"s":[-32.14,726.355,0],"e":[64.707,321.15,0],"to":[-2.448,-18.775,0],"ti":[-71.293,11.15,0]},{"i":{"x":0.843,"y":1},"o":{"x":0.361,"y":0.507},"t":20.25,"s":[64.707,321.15,0],"e":[229,775,0],"to":[71.293,-11.15,0],"ti":[11,-16,0]},{"t":60}],"ix":2},"a":{"a":0,"k":[0,0,0],"ix":1},"s":{"a":1,"k":[{"i":{"x":[0.667,0.667,0.667],"y":[1,1,1]},"o":{"x":[0.333,0.333,0.333],"y":[0,0,0]},"t":12,"s":[0,0,100],"e":[50,50,100]},{"t":21}],"ix":6}},"ao":0,"shapes":[{"ty":"gr","it":[{"d":1,"ty":"el","s":{"a":0,"k":[20,20],"ix":2},"p":{"a":0,"k":[0,0],"ix":3},"nm":"椭圆路径 1","mn":"ADBE Vector Shape - Ellipse","hd":false},{"ty":"tr","p":{"a":0,"k":[0,0],"ix":2},"a":{"a":0,"k":[0,0],"ix":1},"s":{"a":0,"k":[100,100],"ix":3},"r":{"a":0,"k":0,"ix":6},"o":{"a":0,"k":100,"ix":7},"sk":{"a":0,"k":0,"ix":4},"sa":{"a":0,"k":0,"ix":5},"nm":"变换"}],"nm":"椭圆 1","np":2,"cix":2,"bm":0,"ix":1,"mn":"ADBE Vector Group","hd":false},{"ty":"fl","c":{"a":0,"k":[0.980392158031,0.054901961237,0.137254908681,1],"ix":4},"o":{"a":0,"k":100,"ix":5},"r":1,"bm":0,"nm":"填充 1","mn":"ADBE Vector Graphic - Fill","hd":false}],"ip":0,"op":288,"st":0,"bm":0},{"ddd":0,"ind":24,"ty":4,"nm":"形状图层 4","sr":1,"ks":{"o":{"a":1,"k":[{"i":{"x":[0.667],"y":[1]},"o":{"x":[0.333],"y":[0]},"t":12,"s":[100],"e":[100]},{"i":{"x":[0.667],"y":[1]},"o":{"x":[0.333],"y":[0]},"t":21,"s":[100],"e":[100]},{"i":{"x":[0.667],"y":[1]},"o":{"x":[0.333],"y":[0]},"t":23,"s":[100],"e":[0]},{"t":60}],"ix":11},"r":{"a":0,"k":-181,"ix":10},"p":{"a":1,"k":[{"i":{"x":0.562,"y":0.829},"o":{"x":0.191,"y":0.148},"t":12,"s":[-42,772.818,0],"e":[84.633,453.718,0],"to":[-13,-35.818,0],"ti":[-93.367,-20.282,0]},{"i":{"x":0.843,"y":1},"o":{"x":0.361,"y":0.496},"t":20.25,"s":[84.633,453.718,0],"e":[84.466,944.687,0],"to":[93.367,20.282,0],"ti":[-4,-23,0]},{"t":60}],"ix":2},"a":{"a":0,"k":[0,0,0],"ix":1},"s":{"a":1,"k":[{"i":{"x":[0.667,0.667,0.667],"y":[1,1,1]},"o":{"x":[0.333,0.333,0.333],"y":[0,0,0]},"t":12,"s":[0,0,100],"e":[50,50,100]},{"t":21}],"ix":6}},"ao":0,"shapes":[{"ty":"gr","it":[{"d":1,"ty":"el","s":{"a":0,"k":[20,20],"ix":2},"p":{"a":0,"k":[0,0],"ix":3},"nm":"椭圆路径 1","mn":"ADBE Vector Shape - Ellipse","hd":false},{"ty":"tr","p":{"a":0,"k":[0,0],"ix":2},"a":{"a":0,"k":[0,0],"ix":1},"s":{"a":0,"k":[100,100],"ix":3},"r":{"a":0,"k":0,"ix":6},"o":{"a":0,"k":100,"ix":7},"sk":{"a":0,"k":0,"ix":4},"sa":{"a":0,"k":0,"ix":5},"nm":"变换"}],"nm":"椭圆 1","np":2,"cix":2,"bm":0,"ix":1,"mn":"ADBE Vector Group","hd":false},{"ty":"fl","c":{"a":0,"k":[0.572549045086,0.886274516582,0.847058832645,1],"ix":4},"o":{"a":0,"k":100,"ix":5},"r":1,"bm":0,"nm":"填充 1","mn":"ADBE Vector Graphic - Fill","hd":false}],"ip":0,"op":288,"st":0,"bm":0},{"ddd":0,"ind":25,"ty":4,"nm":"形状图层 3","sr":1,"ks":{"o":{"a":1,"k":[{"i":{"x":[0.667],"y":[1]},"o":{"x":[0.333],"y":[0]},"t":12,"s":[100],"e":[100]},{"i":{"x":[0.667],"y":[1]},"o":{"x":[0.333],"y":[0]},"t":21,"s":[100],"e":[100]},{"i":{"x":[0.667],"y":[1]},"o":{"x":[0.333],"y":[0]},"t":23,"s":[100],"e":[0]},{"t":60}],"ix":11},"r":{"a":0,"k":-181,"ix":10},"p":{"a":1,"k":[{"i":{"x":0.562,"y":0.826},"o":{"x":0.191,"y":0.15},"t":12,"s":[-40.14,728.355,0],"e":[87.768,410.376,0],"to":[-30.448,-62.775,0],"ti":[-98.648,35.476,0]},{"i":{"x":0.843,"y":1},"o":{"x":0.291,"y":1},"t":20.25,"s":[87.768,410.376,0],"e":[181,536,0],"to":[98.648,-35.476,0],"ti":[13,-55,0]},{"t":60}],"ix":2},"a":{"a":0,"k":[0,0,0],"ix":1},"s":{"a":1,"k":[{"i":{"x":[0.667,0.667,0.667],"y":[1,1,1]},"o":{"x":[0.333,0.333,0.333],"y":[0,0,0]},"t":12,"s":[0,0,100],"e":[50,50,100]},{"t":21}],"ix":6}},"ao":0,"shapes":[{"ty":"gr","it":[{"d":1,"ty":"el","s":{"a":0,"k":[20,20],"ix":2},"p":{"a":0,"k":[0,0],"ix":3},"nm":"椭圆路径 1","mn":"ADBE Vector Shape - Ellipse","hd":false},{"ty":"tr","p":{"a":0,"k":[0,0],"ix":2},"a":{"a":0,"k":[0,0],"ix":1},"s":{"a":0,"k":[100,100],"ix":3},"r":{"a":0,"k":0,"ix":6},"o":{"a":0,"k":100,"ix":7},"sk":{"a":0,"k":0,"ix":4},"sa":{"a":0,"k":0,"ix":5},"nm":"变换"}],"nm":"椭圆 1","np":2,"cix":2,"bm":0,"ix":1,"mn":"ADBE Vector Group","hd":false},{"ty":"fl","c":{"a":0,"k":[0.572549045086,0.886274516582,0.847058832645,1],"ix":4},"o":{"a":0,"k":100,"ix":5},"r":1,"bm":0,"nm":"填充 1","mn":"ADBE Vector Graphic - Fill","hd":false}],"ip":0,"op":288,"st":0,"bm":0},{"ddd":0,"ind":26,"ty":4,"nm":"形状图层 2","sr":1,"ks":{"o":{"a":1,"k":[{"i":{"x":[0.667],"y":[1]},"o":{"x":[0.333],"y":[0]},"t":12,"s":[100],"e":[100]},{"i":{"x":[0.667],"y":[1]},"o":{"x":[0.333],"y":[0]},"t":21,"s":[100],"e":[100]},{"i":{"x":[0.667],"y":[1]},"o":{"x":[0.333],"y":[0]},"t":23,"s":[100],"e":[0]},{"t":60}],"ix":11},"r":{"a":0,"k":-181,"ix":10},"p":{"a":1,"k":[{"i":{"x":0.562,"y":0.781},"o":{"x":0.191,"y":0.19},"t":12,"s":[-46,588.818,0],"e":[49.302,337.909,0],"to":[-30.448,-62.775,0],"ti":[-79.481,32.25,0]},{"i":{"x":0.843,"y":1},"o":{"x":0.235,"y":1},"t":20.25,"s":[49.302,337.909,0],"e":[167,388,0],"to":[79.481,-32.25,0],"ti":[-1,-65,0]},{"t":60}],"ix":2},"a":{"a":0,"k":[0,0,0],"ix":1},"s":{"a":1,"k":[{"i":{"x":[0.667,0.667,0.667],"y":[1,1,1]},"o":{"x":[0.333,0.333,0.333],"y":[0,0,0]},"t":12,"s":[0,0,100],"e":[50,50,100]},{"t":21}],"ix":6}},"ao":0,"shapes":[{"ty":"gr","it":[{"d":1,"ty":"el","s":{"a":0,"k":[20,20],"ix":2},"p":{"a":0,"k":[0,0],"ix":3},"nm":"椭圆路径 1","mn":"ADBE Vector Shape - Ellipse","hd":false},{"ty":"tr","p":{"a":0,"k":[0,0],"ix":2},"a":{"a":0,"k":[0,0],"ix":1},"s":{"a":0,"k":[100,100],"ix":3},"r":{"a":0,"k":0,"ix":6},"o":{"a":0,"k":100,"ix":7},"sk":{"a":0,"k":0,"ix":4},"sa":{"a":0,"k":0,"ix":5},"nm":"变换"}],"nm":"椭圆 1","np":2,"cix":2,"bm":0,"ix":1,"mn":"ADBE Vector Group","hd":false},{"ty":"fl","c":{"a":0,"k":[0.960784316063,0.784313738346,0.223529413342,1],"ix":4},"o":{"a":0,"k":100,"ix":5},"r":1,"bm":0,"nm":"填充 1","mn":"ADBE Vector Graphic - Fill","hd":false}],"ip":0,"op":288,"st":0,"bm":0},{"ddd":0,"ind":27,"ty":4,"nm":"形状图层 1","sr":1,"ks":{"o":{"a":1,"k":[{"i":{"x":[0.667],"y":[1]},"o":{"x":[0.333],"y":[0]},"t":12,"s":[100],"e":[100]},{"i":{"x":[0.667],"y":[1]},"o":{"x":[0.333],"y":[0]},"t":21,"s":[100],"e":[100]},{"i":{"x":[0.667],"y":[1]},"o":{"x":[0.333],"y":[0]},"t":23,"s":[100],"e":[0]},{"t":60}],"ix":11},"r":{"a":0,"k":-181,"ix":10},"p":{"a":1,"k":[{"i":{"x":0.562,"y":0.845},"o":{"x":0.191,"y":0.134},"t":12,"s":[-51.505,710.215,0],"e":[54.032,328.022,0],"to":[22.552,-55.775,0],"ti":[-58.168,-19.67,0]},{"i":{"x":0.843,"y":1},"o":{"x":0.314,"y":1},"t":20.25,"s":[54.032,328.022,0],"e":[101.97,532.182,0],"to":[58.168,19.67,0],"ti":[-3.731,-9.195,0]},{"t":60}],"ix":2},"a":{"a":0,"k":[0,0,0],"ix":1},"s":{"a":1,"k":[{"i":{"x":[0.667,0.667,0.667],"y":[1,1,1]},"o":{"x":[0.333,0.333,0.333],"y":[0,0,0]},"t":12,"s":[0,0,100],"e":[50,50,100]},{"t":21}],"ix":6}},"ao":0,"shapes":[{"ty":"gr","it":[{"d":1,"ty":"el","s":{"a":0,"k":[20,20],"ix":2},"p":{"a":0,"k":[0,0],"ix":3},"nm":"椭圆路径 1","mn":"ADBE Vector Shape - Ellipse","hd":false},{"ty":"tr","p":{"a":0,"k":[0,0],"ix":2},"a":{"a":0,"k":[0,0],"ix":1},"s":{"a":0,"k":[100,100],"ix":3},"r":{"a":0,"k":0,"ix":6},"o":{"a":0,"k":100,"ix":7},"sk":{"a":0,"k":0,"ix":4},"sa":{"a":0,"k":0,"ix":5},"nm":"变换"}],"nm":"椭圆 1","np":2,"cix":2,"bm":0,"ix":1,"mn":"ADBE Vector Group","hd":false},{"ty":"fl","c":{"a":0,"k":[0.960784316063,0.784313738346,0.223529413342,1],"ix":4},"o":{"a":0,"k":100,"ix":5},"r":1,"bm":0,"nm":"填充 1","mn":"ADBE Vector Graphic - Fill","hd":false}],"ip":0,"op":288,"st":0,"bm":0}]},{"id":"comp_8","layers":[{"ddd":0,"ind":1,"ty":2,"nm":"圣诞礼物.png","cl":"png","refId":"image_9","sr":1,"ks":{"o":{"a":0,"k":100,"ix":11},"r":{"a":0,"k":0,"ix":10},"p":{"a":0,"k":[110,110,0],"ix":2},"a":{"a":0,"k":[110,110,0],"ix":1},"s":{"a":0,"k":[100,100,100],"ix":6}},"ao":0,"ip":0,"op":363,"st":0,"bm":0}]},{"id":"comp_9","layers":[{"ddd":0,"ind":1,"ty":2,"nm":"圣诞鹿.png","cl":"png","refId":"image_10","sr":1,"ks":{"o":{"a":0,"k":100,"ix":11},"r":{"a":0,"k":0,"ix":10},"p":{"a":0,"k":[110,110,0],"ix":2},"a":{"a":0,"k":[110,110,0],"ix":1},"s":{"a":0,"k":[100,100,100],"ix":6}},"ao":0,"ip":0,"op":363,"st":0,"bm":0}]},{"id":"comp_10","layers":[{"ddd":0,"ind":1,"ty":2,"nm":"圣诞糖果.png","cl":"png","refId":"image_11","sr":1,"ks":{"o":{"a":0,"k":100,"ix":11},"r":{"a":0,"k":0,"ix":10},"p":{"a":0,"k":[110,110,0],"ix":2},"a":{"a":0,"k":[110,110,0],"ix":1},"s":{"a":0,"k":[100,100,100],"ix":6}},"ao":0,"ip":0,"op":363,"st":0,"bm":0}]}],"layers":[{"ddd":0,"ind":1,"ty":0,"nm":"左侧撒花 2","refId":"comp_0","sr":1,"ks":{"o":{"a":0,"k":100,"ix":11},"r":{"a":0,"k":0,"ix":10},"p":{"a":0,"k":[375,667,0],"ix":2},"a":{"a":0,"k":[375,667,0],"ix":1},"s":{"a":0,"k":[-100,100,100],"ix":6}},"ao":0,"hasMask":true,"masksProperties":[{"inv":false,"mode":"a","pt":{"a":0,"k":{"i":[[0,0],[0,0],[0,0],[0,0]],"o":[[0,0],[0,0],[0,0],[0,0]],"v":[[0,0],[0,1334],[750,1334],[750,0]],"c":true},"ix":1},"o":{"a":0,"k":100,"ix":3},"x":{"a":0,"k":0,"ix":4},"nm":"蒙版 1"}],"w":750,"h":1334,"ip":0,"op":363,"st":0,"bm":0},{"ddd":0,"ind":2,"ty":0,"nm":"左侧撒花","refId":"comp_7","sr":1,"ks":{"o":{"a":0,"k":100,"ix":11},"r":{"a":0,"k":0,"ix":10},"p":{"a":0,"k":[375,667,0],"ix":2},"a":{"a":0,"k":[375,667,0],"ix":1},"s":{"a":0,"k":[100,100,100],"ix":6}},"ao":0,"w":750,"h":1334,"ip":0,"op":363,"st":0,"bm":0}],"markers":[]}